Season,TeamID,Pts,Pos,OffRtg,DefRtg,NetRtg,AstR,TOR,TSP,eFGP,FTAR,ORP,DRP,RP,MAS,SAG,POM
2018,1101,69.11111111111111,67.31164444444444,102.71861540590693,106.4087242080389,-10.678962165674584,14.801137846805394,12.436163016298313,53.596107082663,0.5106966174331781,0.34201259610418294,0.2623679574058534,0.7059295324754968,0.4848698680843768,259,276,265
2018,1102,62.96551724137931,64.39017931034482,97.16038185583922,111.10914443775468,-20.588534646631935,15.136776684947412,14.16941055930192,48.80962873343877,0.47456086024166494,0.32645801322074236,0.27119177295240116,0.7141649557414652,0.4734332037920074,225,240,232
2018,1103,70.90322580645162,66.41156129032257,106.75705451753107,109.99572676206348,-12.367239728220655,13.9946185075891,12.486489469993915,54.584869760041755,0.5156999103104696,0.3219765853562314,0.2712760552234453,0.7175344445762132,0.48696725090377174,222,225,258
2018,1104,70.76470588235294,66.73185882352942,105.74238214504486,104.29266922235651,-9.533590526996056,13.469889052172174,11.140236033966815,54.25160805155385,0.5170565006946477,0.42154531303673953,0.2891892446928708,0.6999331884062716,0.5045402182743254,50,46,51
2018,1105,56.54838709677419,65.09543225806452,87.42561328919075,116.10969072691859,-31.253007190595426,12.225352970090576,11.374086854071118,45.58166070300458,0.45261540880171525,0.3245204965268739,0.2985542450475725,0.6774430367933187,0.4740950682103675,350,351,351
2018,1106,65.83870967741936,67.16159999999999,98.06772314883182,115.33472548600189,-22.598621538793818,10.726449743044402,10.432805467057486,47.97885297628676,0.46369342321026796,0.36210183330001794,0.31505796054649376,0.6527119656366819,0.4703199875149332,337,342,339
2018,1107,72.09677419354838,63.745238709677416,112.86070504466409,107.27156701253817,-5.943998567151045,13.700656430643209,13.903120474845839,54.53261777219008,0.5060443778562389,0.3785777437882272,0.3433587479041706,0.7579793119715416,0.5295108131294345,168,152,152
2018,1108,63.214285714285715,66.35588571428572,95.0390870361565,114.20247616804356,-26.54837832487293,12.785974592308774,12.602865572069126,49.363201495181606,0.4860847105816659,0.3432374898994236,0.2776681435355898,0.6694650215548638,0.5065154290826254,339,338,336
2018,1110,66.16666666666667,64.16063999999997,103.1560722624062,112.15689066741244,-14.246504457816718,13.933185416262015,12.995022655304075,54.25919661333937,0.5071474518929134,0.30933873748908364,0.23622122616992466,0.687718063421034,0.4608831395546102,335,325,329
2018,1111,74.3225806451613,68.58178064516129,108.55550096466838,107.31917118811002,-8.412683846880219,12.466819106159944,11.914890415298329,53.88898109608164,0.5007486031603481,0.3716694670167301,0.28709334365045364,0.7424659997785947,0.4797992674447485,213,219,208
2018,1112,78.94117647058823,66.26597647058823,119.0677051183451,105.22822654139307,-5.382050180956477,16.19827560133801,13.409531463430135,59.732834516942724,0.5696926027631771,0.38763958421764805,0.32941742888646025,0.7546695947980337,0.5524369351436318,13,16,21
2018,1113,83.96774193548387,69.50276129032258,120.90002514807314,107.5135022973265,-2.3673343309330104,14.597921785269723,14.086397897114141,59.05655031241488,0.5409914381280875,0.43171257883609054,0.2815203548321673,0.693343260357732,0.5010965610040404,77,49,45
2018,1114,58.233333333333334,64.17152,90.99627329024659,111.03536848704303,-22.150135596198655,13.055746654641121,12.287566337493281,47.27776877453758,0.47928578380328185,0.32693024222083944,0.2862837600916884,0.6928228246753777,0.4900520729195927,307,293,294
2018,1115,63.97142857142857,65.35076571428571,97.17358774281243,107.85634701855633,-18.36495547990794,13.539189926398977,11.685806619665726,51.58269454566382,0.496631477698739,0.372208967492321,0.23570705136970288,0.6295450674510128,0.4764564142196352,310,329,330
2018,1116,79.02941176470588,68.44009411764706,115.00865329373667,110.12023488047645,-10.365606386588363,14.848507937743259,12.946157993914865,55.74109778131922,0.5400155992976918,0.38283712192896435,0.29432344494520574,0.6816124571677183,0.4935498193126564,22,31,37
2018,1117,71.2,67.29408,106.01123785513946,116.62317859719607,-15.11848139623358,11.304911814828976,11.399898357182147,52.56216757604583,0.4979544780035251,0.3404474671506371,0.30255227451399463,0.6881163822446947,0.4672820644081439,279,270,281
2018,1119,74.34482758620689,68.23084137931035,109.11025952091691,107.58515170916976,-8.03034034622093,16.775381299657024,14.59371550277098,55.223433544622885,0.5271778611339086,0.2557694015519513,0.2690476819909173,0.7309113748823853,0.4763743762881816,298,252,264
2018,1120,82.5,69.74340000000001,118.20902941984431,98.9104855764177,-4.079476820270065,14.40504784528068,12.452385473383472,57.02798767639651,0.5204898917231154,0.4024133470661484,0.3262585114254885,0.7208006785183846,0.5138126213552208,21,33,16
2018,1122,68.8,65.95392,104.2929094770765,109.98487853564924,-15.348215624226503,13.219697105623569,11.351971831501363,51.19660354472362,0.5005474190987694,0.3684656925617961,0.34247176195882234,0.7092216019723594,0.48820751183119776,164,220,188
2018,1123,74.35483870967742,68.48949677419354,107.96215427247215,108.12022134241886,-9.973924648883887,14.703213087389761,12.87407020660281,54.39961853540179,0.5184476552185855,0.3402377626365162,0.28080980027820834,0.7278456698293051,0.5177906918929632,171,169,174
2018,1124,71.19354838709677,65.62559999999999,107.9172403380045,104.55924688247786,-12.031147448166893,14.749179924056143,13.124658605168282,53.17840892808861,0.5145932505574152,0.3271037454443406,0.3511854302671209,0.7046522275326713,0.5178945458298293,59,30,34
2018,1125,78.66666666666667,65.2322909090909,120.7250444274975,93.41258683000822,-2.0725721347145556,17.40018092423851,13.259043558659393,62.42680340403149,0.5885479418770729,0.28025149917499353,0.25183788603854884,0.7475784849065868,0.5221995112542166,86,96,83
2018,1126,79.0,74.01984,106.97309835848077,106.21287007460474,-10.299638627004608,14.070851932891497,12.254287990947253,53.25560074603609,0.49575396075902606,0.4229163071433606,0.32961045934774236,0.6945995973698135,0.5088068045400045,305,309,285
2018,1127,64.86206896551724,64.02273103448275,101.1813816881988,107.89455534575535,-14.809238836264006,12.866985646814912,12.473213713839074,50.93315956156629,0.49923265702727343,0.3068500704544,0.25672537946178564,0.7348873758550984,0.49257361122984256,317,305,300
2018,1129,77.06666666666666,67.856,113.69619961258022,94.20974318096374,-3.749100592188546,13.92559100790336,12.735616351474752,57.6775230428484,0.542659710373241,0.3111259799463838,0.2885585231301112,0.8176090695263782,0.5388755783920274,72,61,58
2018,1130,75.5,67.57383529411766,111.75681534980916,109.56447171620165,-9.736020619179431,14.906180516741303,13.512037870489287,55.56373100109954,0.5269155725088436,0.3160868457802995,0.29496320396779846,0.7369232724269976,0.5140773398468381,64,75,73
2018,1131,68.3,65.36832,103.96788470508977,111.06270841907832,-12.349087209077725,14.510416716738204,13.603688858974149,53.91200854576395,0.5296177311013694,0.33840470796945243,0.28247153129555286,0.7033514962749611,0.489805200792141,235,226,260
2018,1132,71.63333333333334,69.16608,103.75793760541428,110.81451481570076,-14.058316334448072,13.176117214484044,11.740304308485928,50.78759689275378,0.47728624635101097,0.37435668560880725,0.293086569062533,0.7359523809473945,0.48231438690859163,216,227,238
2018,1133,65.4375,62.73599999999999,104.68925343949202,104.36511463706732,-10.466144617040067,14.75078639750323,13.358601614951773,52.488105005381875,0.49250416899924415,0.3832091839061124,0.30763614416247026,0.7151905938842193,0.507528017239895,123,145,125
2018,1135,74.3076923076923,70.04086153846151,105.74998919810943,112.42567988441652,-11.092043687552733,12.851859478388402,12.192333533071775,52.898985205187685,0.4867324274863792,0.41241400066316697,0.28785371358484957,0.7313448780492726,0.47845661847372684,284,263,269
2018,1136,67.06451612903226,67.73760000000001,99.07169767048278,123.39402761594584,-24.599453773742056,14.038111061307466,13.717322391828038,49.438090135568416,0.48135478038823654,0.28473117182884894,0.25705310077286386,0.6641073832101263,0.4641470198503497,344,340,344
2018,1137,81.61764705882354,69.85976470588237,116.96191804034254,100.34145112089948,-2.972077604479428,14.96485621194642,12.827106521531304,58.95003776884673,0.5436993428784019,0.4317616870735274,0.27128234090060277,0.7245065275959005,0.5103720927243662,92,91,100
2018,1138,86.57575757575758,70.89280000000001,122.12575828537096,102.62625165058053,-0.021324196223578912,16.175210087891433,12.277385184034616,59.03836776116821,0.5493607774112915,0.30726646640120464,0.3134490180165124,0.7146325322015364,0.5111984584498466,61,73,77
2018,1139,79.0,67.9557818181818,116.23032421526392,106.10527425674233,-6.039105640130576,14.728203361498716,12.536913514508354,57.50132037484694,0.5422078820064073,0.2691510147885117,0.27064556671669915,0.7564588388771798,0.49712684263348417,38,28,25
2018,1140,72.61764705882354,64.82823529411766,112.14511512274217,103.73586041041914,-7.258644523240278,16.842603968511344,14.049696798853736,58.183531766988516,0.5490309780727946,0.3958023357342745,0.2205125594403306,0.7756006617849571,0.509406334369288,63,69,70
2018,1141,74.2,66.3008,112.00790787016915,105.98987808418389,-7.85183028418161,13.57344426786393,11.852590036834364,54.808019993045534,0.5042475475597669,0.3575348805679906,0.3100131793338362,0.686124435333309,0.4908857323295063,187,175,177
2018,1142,66.93103448275862,65.30714482758621,101.66128014063597,113.8777209212158,-17.467971211081906,13.128226424939703,13.090879498289947,51.2098562855213,0.46679431220589235,0.2704190959173467,0.24331096669337615,0.7053860736568683,0.4752067267822477,303,316,322
2018,1143,61.16129032258065,67.18018064516129,90.88181192002043,116.90242321881529,-27.032071633529856,10.56544944078145,11.27066854494006,44.592819237156796,0.44700327101924864,0.3853236582859691,0.3492881179644517,0.705334304913355,0.4732982494322376,239,205,241
2018,1144,73.71428571428571,65.48297142857142,112.78610806702261,105.31423213664694,-6.22447759779334,14.837947526528596,13.277315512124177,59.0098962822564,0.5470303592724529,0.3510455974941929,0.2050905627819377,0.7343389588092714,0.4944980809868745,258,244,227
2018,1145,77.03125,66.42839999999998,115.80215959335624,98.67576184586112,-2.975685678730515,17.483501651968812,13.17360516940337,58.3422784564035,0.5482015317583964,0.2939572298521376,0.3014253637336515,0.7088170656668562,0.5000513932930478,154,147,130
2018,1146,78.96875,71.84219999999996,109.49601051119474,105.18142633642935,-10.735431841550374,15.558351591588115,12.800894331786127,55.68855228513633,0.5205614394399469,0.3816828160618566,0.2640861779066646,0.6677828157574353,0.4875090119205027,204,236,201
2018,1148,64.59375,64.3698,100.02309885014893,114.26111859698534,-16.502381685998095,13.70247940391722,12.498153073799276,51.900044756782094,0.5092766959304247,0.3311734733290039,0.31052338954793984,0.7210709382489626,0.5360450921373344,292,312,306
2018,1149,63.464285714285715,64.49965714285716,98.07710580925657,109.9291197280526,-19.002624105980225,12.489926089751705,12.406378375715198,49.144590566825066,0.492162396906282,0.3200436537020493,0.29827031550708033,0.7253761760403482,0.4732278624854211,249,271,248
2018,1150,66.92857142857143,68.5488,97.8531714165899,116.96255702729036,-21.206345694204366,11.651180807449219,11.634905516322263,51.355291095115604,0.4865602245001329,0.3966453804188243,0.2548703167697302,0.7141541421106431,0.49247415794684135,321,302,317
2018,1151,68.25806451612904,65.19576774193548,104.57958103762563,112.64911019464631,-13.133310921718852,13.531665379718483,13.243808324138062,54.57878751779655,0.5035173233601576,0.3549227835858734,0.26285843096694156,0.7216834472746794,0.4810082100064926,297,296,305
2018,1152,56.3,69.2096,81.4665366063945,126.59783541698769,-46.29138333613649,11.37440284280303,11.193775026028415,42.31373499960251,0.44534941819655366,0.32012793928547517,0.2558608498661395,0.6564031564854286,0.4683035716293228,345,346,346
2018,1153,74.0,63.12564705882355,117.08005539422345,87.33143042186919,-1.9844768026000574,16.571831205873192,11.103125793631706,54.91850968984939,0.515065635067448,0.3770415797067028,0.38248168868066285,0.7116395008392048,0.5522113402864128,4,7,4
2018,1154,79.72413793103448,75.01373793103448,106.51635900993384,117.2241525654723,-14.915420037421242,14.605796830685215,14.34451826956655,53.42767578323678,0.49349598382826615,0.33038977692136373,0.27109560095379936,0.6716240058597901,0.4484565939421969,286,321,315
2018,1155,72.65625,64.38119999999999,112.60883062319593,98.8612341740111,-4.503730984740567,14.621765529775212,12.280765581740845,56.4210113259945,0.5278431581176313,0.3494068452325811,0.27258731342740883,0.7359600842038366,0.5196409754091461,17,24,19
2018,1156,67.61764705882354,66.03275294117645,102.12160761507349,113.58583502473229,-14.666937894210173,14.3764487086085,13.603149144957559,53.588478298245654,0.5059968114456695,0.29315095255650075,0.2192536768792469,0.6691587219389368,0.47767850257714217,251,290,307
2018,1157,67.34482758620689,65.77059310344828,101.99614501064659,110.92238031918558,-12.042859138412641,13.649733919553627,13.32974171848335,51.3288147953841,0.4892322132226192,0.39500736006264264,0.33976541680516226,0.7195125593518295,0.5039193738011729,231,209,209
2018,1158,74.74193548387096,63.95272258064515,117.02676238803478,106.88738184939092,-3.678035281513552,12.719975698397262,12.461426392702105,57.55282073652361,0.5315884984071046,0.37833000581242754,0.2526686093604817,0.7216388359556442,0.49360819507497233,79,112,120
2018,1159,72.2258064516129,63.78301935483869,113.29144312632194,107.74418625755496,-5.664063674590996,14.320591589764362,14.276438596222008,56.410640400381624,0.5197692596666995,0.2936386324663941,0.25632521192199903,0.7332818598918137,0.49132993895035454,201,200,210
2018,1160,70.84375,66.85260000000001,105.72191919826076,109.76386119936456,-11.310644079997266,13.686714798364328,11.98483162003486,53.812190209068525,0.5068032999019104,0.3403268374582972,0.2917732611653195,0.7368850391585057,0.5079816555884158,88,97,110
2018,1161,68.03225806451613,68.61956129032258,99.0401522242422,117.01421278257462,-20.340314134084046,13.064525216973488,13.151700579898707,49.20900873953267,0.4749117055994055,0.34746648548351966,0.3097351063240915,0.7195289584969059,0.4953174144254805,227,206,225
2018,1162,74.26923076923077,68.12603076923077,109.15363415895398,113.9113499714443,-11.776140850319369,14.552073283375064,13.670158892927535,54.450786732467655,0.5251585955755146,0.2482918687010874,0.26749312894075894,0.7063395086538987,0.48561395428676213,295,218,233
2018,1163,64.15625,64.82520000000001,99.13378313950223,113.70155538123046,-19.368829576996056,11.701644877713814,12.187559292933102,49.412896535952115,0.4780001081493959,0.33224809468338523,0.29186330729889,0.6735573421458683,0.5018448062063449,157,128,173
2018,1164,61.15625,67.01100000000001,91.3584586136495,110.26499091282783,-22.135415992197924,11.773805161173394,11.140250226865206,47.69209351837975,0.4324379895759284,0.2784290463764997,0.22152233262973087,0.6888895452941914,0.4833309432973471,348,348,347
2018,1165,71.66666666666667,68.67839999999998,104.06180521245703,117.27956722585266,-17.87027370952421,16.45904191339494,13.939334844224057,53.79270135762023,0.5274860105573959,0.3542626508368691,0.24340674747844696,0.7055745389623345,0.4900584877374558,261,251,267
2018,1166,83.19354838709677,70.05956129032258,118.58316305783214,99.30251380210701,-6.883080666483925,18.01517041659806,14.803440805046893,60.291235126644224,0.5807756953211959,0.27588325449872136,0.2167102316576812,0.7503470154820122,0.5187867678605474,51,21,27
2018,1167,60.074074074074076,63.83573333333333,93.77605927893003,109.20799365443528,-22.086855393066955,13.676155374937181,12.44252793140928,47.32345838426918,0.46646957466823347,0.35083465939489505,0.30995037620117044,0.7150318554401706,0.4907279366534308,243,233,239
2018,1168,70.79310344827586,66.83652413793104,105.68350659867822,109.54787078387244,-9.499185288574624,13.64259691663638,12.09843719935388,56.224120751367934,0.5226157787176358,0.4689666938484349,0.2568254734923763,0.7116961278029893,0.5105177360846925,107,171,153
2018,1169,62.714285714285715,64.15611428571428,97.80705847916258,115.27347925521438,-21.148827528767608,13.404513707285899,12.952723793551865,50.165773448060534,0.4806174616824726,0.293323624548465,0.23080570141642004,0.6767891773839448,0.48168567556432434,329,326,328
2018,1170,63.13333333333333,64.36160000000001,98.11671234778578,116.05115538638067,-20.345423818381423,14.243384975839032,13.421217746349965,49.68335818834824,0.4911811718169092,0.28776037180210806,0.23801964466949233,0.7126348377869313,0.477662910096724,306,298,282
2018,1171,64.96153846153847,64.7904,100.01720244029069,112.65987863476606,-17.257969984349245,14.624229732842831,13.752021778585155,53.034941614363134,0.5168727399592445,0.3313516479746086,0.24190322329796224,0.7283547656321105,0.4915099424503752,320,289,299
2018,1172,77.4375,62.7132,123.3639808847951,101.37202818543611,-3.473122204364429,18.68428451983429,15.018116131991501,61.504518579743944,0.5767200252564703,0.2467382156879612,0.22612048035974341,0.7721486602055971,0.52209216009242,60,53,43
2018,1173,71.2258064516129,64.75912258064514,109.91449288522733,113.41884292190055,-10.57395753486588,17.093199659335852,14.729883605498589,58.18106203614713,0.5587746086795421,0.33069117387672076,0.2525677985569382,0.7246700964473375,0.5010223694767489,191,130,168
2018,1174,64.54838709677419,63.76381935483871,100.8298766980616,115.0005884612544,-19.302453841598933,12.713401346031574,12.177368237043204,49.545827426380136,0.5036634962866252,0.35044202994259166,0.2574599811321975,0.744291968766035,0.49169697947594526,233,238,250
2018,1175,55.233333333333334,64.55744,85.629162336795,121.46971062870875,-37.10082686523203,12.033416279185229,11.33094814781783,44.704499164402606,0.4744873262747671,0.29162995891487514,0.2884902311205435,0.664553471050787,0.4936844451738761,351,350,350
2018,1176,67.60714285714286,65.97874285714286,102.77296267483669,110.14194521924932,-16.855106184955353,15.223453272394737,11.495766402600438,53.46920357809399,0.5286986550947611,0.3408842318724422,0.3013144976468359,0.7475977559126772,0.5109917557283715,192,210,206
2018,1177,67.03225806451613,68.0454193548387,98.5679582278186,109.79288675381888,-18.222555874182188,15.097691169232005,13.80822514894679,48.17584140202245,0.4797713041603813,0.2999980633102469,0.3253541794805595,0.7248432048023588,0.4894515157321471,129,108,101
2018,1178,73.06666666666666,71.13408,102.25643208541253,120.53057865889723,-20.508924422063092,12.879607283926095,12.601928249023091,51.427874010805496,0.489896229043078,0.31313487345677304,0.26661717582159333,0.6878709998933522,0.4743150481345901,327,310,321
2018,1179,72.48387096774194,66.80732903225805,109.01523314013217,107.69902989323788,-8.73769926599754,16.05116135397222,14.352853026318822,55.44118740891817,0.511417122881805,0.31685626478593265,0.23046228373803238,0.7238297428321621,0.4868425676009175,156,181,154
2018,1180,72.28125,67.4334,107.0074707039862,116.24046092485595,-11.98696016029226,12.164753589106102,12.714723801278751,52.467657057974215,0.49758498700864584,0.325761077930606,0.3037413724681205,0.6966092684438365,0.500086281062511,229,241,253
2018,1181,84.0909090909091,67.85745454545454,123.8703772832591,98.8948126056348,-2.299230791265191,17.02263851529232,14.252012123324864,58.875467848510596,0.557765061100167,0.3568097909536691,0.38846253101325373,0.7094521068569712,0.5625826225877378,9,3,3
2018,1182,73.15625,64.6278,113.166516868105,103.04820490253276,-6.599733451434991,12.814683224425053,11.901451299745649,54.17870127890951,0.49833773000351267,0.3617519389150831,0.3284107955105359,0.7214639713796832,0.49139406332190805,230,192,200
2018,1183,62.310344827586206,63.475862068965505,98.54095833451598,108.82820158822308,-15.654980780595315,13.305789817311444,12.53035027508282,49.429416793577495,0.4809667213950873,0.33085843646890456,0.2970579553545091,0.7010210314999705,0.4862126922609983,245,259,257
2018,1184,67.65517241379311,66.07051034482755,102.29117314544087,116.11140592481249,-17.651927311817616,13.809324310491817,12.921176552033574,52.540875615517784,0.5006623787670135,0.35239298005508135,0.2680036020170202,0.6851882364373438,0.49359513256842424,273,279,286
2018,1185,67.79310344827586,63.668524137931044,106.66116790683972,107.97563462821007,-8.99002960099331,13.68654171300817,13.239993568737534,53.2740242593324,0.515556136679001,0.3146191350970358,0.3009729640531683,0.6691787245519121,0.5025416830664006,147,140,147
2018,1186,74.5,65.9448,113.1513465657182,102.7495617680622,-6.740568926552495,14.0187843314151,12.706364398962426,58.585015590022024,0.5483598161728961,0.29054953577289366,0.21689811220586372,0.7579809153282924,0.4945306220889397,124,164,129
2018,1187,64.03333333333333,66.31424,96.25988607883045,113.81671371043429,-21.574544990927983,13.94281747939808,13.834261739802606,49.32620088543703,0.483630354979412,0.29325434448489085,0.27775690553836563,0.6790076983829282,0.4997366297711579,285,287,308
2018,1188,67.73333333333333,66.82175999999998,101.58045873922597,115.49380779810767,-18.073620202076782,13.222351515367702,12.20302301287719,50.859415645630534,0.4830764138134691,0.33997416572088474,0.2911986511485111,0.7069971923433979,0.4672380504811691,301,320,318
2018,1189,69.73333333333333,66.68415999999998,104.40920791135133,112.71357821499555,-16.24055105473832,16.807636540656382,13.807365541947181,52.791788552756834,0.5231512462747966,0.2391276344202292,0.21694012419841208,0.7168379328142954,0.4961821678405355,240,224,252
2018,1190,72.5625,66.0114,110.11748647868218,98.53049588930573,-6.638467677956527,15.436539804859912,11.593770983635805,56.40852638196898,0.5421716381929111,0.34373688195563995,0.2987546189921114,0.7252467124535575,0.5213445006631438,91,106,92
2018,1191,60.1,62.88320000000001,95.43038713420847,103.06946246637162,-15.840774732861803,14.512136575402513,12.451712874992559,50.85916943202756,0.48930507085069785,0.35100641753307227,0.23903868225655764,0.7428979330099315,0.513860847026314,162,163,138
2018,1192,70.34482758620689,67.5952551724138,104.19499929868444,115.26762084500538,-14.274823589348996,13.38803074736869,13.199939394958763,52.18862742101684,0.5009278169547271,0.31376069681259255,0.30198841562420947,0.6581779955694625,0.502361094208082,262,275,274
2018,1193,75.21212121212122,69.8949818181818,107.37505849727299,106.04305050729229,-8.660498775278377,15.136236886811044,12.918304336515874,54.2816998712492,0.5126653937404047,0.3133004145755247,0.2410850139312586,0.7314861193893963,0.4872330184245004,195,198,211
2018,1194,64.32142857142857,67.14377142857144,95.74705032385872,105.75145827002827,-15.684962555510607,12.193420169398832,11.268654411572331,46.53294118772119,0.4388501532843533,0.29340606892432514,0.28505939897853516,0.7277845446322498,0.4839138407161504,266,254,242
2018,1195,81.41935483870968,69.62910967741934,116.91958953702054,106.83592215023974,-4.727322200254146,15.038842172109284,12.763427493799396,59.36271036560838,0.5569419583370603,0.3440658214634919,0.3177021285548735,0.7292680563546757,0.5423019606301279,158,129,132
2018,1196,76.5625,65.61359999999999,116.20593849713376,100.11285353577775,-3.5743059477442594,13.74608357617572,11.688364648704722,55.07776478344412,0.5080167148069095,0.33416487397513184,0.28680350915661856,0.6967751307126525,0.4801883766523063,31,18,23
2018,1197,66.0,67.19476363636363,98.39857889294342,117.00954998157712,-22.227663743578205,11.890737695986827,11.575954492473434,49.89739128422971,0.47453652113976286,0.32487481421230996,0.26955771624237385,0.6390935818550805,0.46445685797297287,336,341,341
2018,1198,67.72413793103448,68.0904827586207,99.55818876166268,107.23235599700769,-11.495526724323549,12.456730785039761,12.104413271452824,48.66181215762292,0.47291630926778605,0.3739341391329042,0.25900245449505843,0.7255401882611048,0.4656791023492756,255,249,235
2018,1199,80.48387096774194,70.0744258064516,114.55243916189828,106.29501091180448,-6.175159437734778,15.18001968451687,12.25884275448858,56.396708812735845,0.5415993408995461,0.3734898242381673,0.3206986471341705,0.7058018333413486,0.5094162491309071,48,34,35
2018,1200,62.87096774193548,64.1218064516129,97.89876042348956,108.89573232603952,-16.627866212989293,15.528618788730908,14.712393610583762,51.8697736860699,0.48171679637726644,0.2751808582563839,0.18705232535429706,0.6748454883078349,0.47536223963603735,291,258,292
2018,1201,74.86666666666666,65.67999999999999,113.88949027561674,104.67489021660022,-5.576293354144863,13.813264646607529,12.772793258214502,57.46737711390126,0.5448168866384404,0.3899711704041629,0.2681149235798389,0.7594739617558213,0.512129816779917,89,86,79
2018,1202,77.51612903225806,66.92252903225805,115.5593660653006,94.3019757043342,-6.424478601357769,16.19058437251849,12.474837913648784,57.40993658401605,0.5492801222550774,0.28628806606176255,0.2647170517128656,0.7164981130001815,0.4929910323829018,106,111,93
2018,1203,65.12121212121212,63.088872727272715,103.10075887686989,112.56633266144827,-16.153675045708564,14.69585853545634,12.880643849645214,51.20530767687749,0.49621948435272845,0.2914015385805627,0.3153786405062497,0.7038187730463109,0.5079280268417731,200,176,194
2018,1204,72.54838709677419,66.54534193548388,108.9021458238763,103.67106916800009,-6.184761448604083,10.520701439078122,11.290745794787524,52.13505591605613,0.4933195728638434,0.3940954475672932,0.2975976474396844,0.685371874778377,0.48098503515677926,150,151,150
2018,1205,64.41379310344827,65.96590344827588,97.8964395159815,107.87889988597485,-17.088469879511315,13.295631208822794,12.61403265632985,51.09893670411879,0.4949512027952006,0.2908472628304621,0.2539179965102357,0.730038243071135,0.510643880901344,265,264,261
2018,1206,68.03030303030303,67.42574545454546,100.99598119287681,111.12388735008938,-15.775149791426863,12.421157641410543,12.33874564598187,50.78640089947324,0.49211686141696537,0.3221711757055914,0.2727449172802441,0.7374401164220634,0.5095036821359273,175,193,219
2018,1207,75.4,70.09919999999998,107.55660340856114,107.9971773051995,-12.137992667471226,17.109184133011333,14.840511104074869,54.89829635023872,0.5202170238796106,0.391704864970476,0.3121523626570077,0.7412452597068879,0.5208467084789208,109,95,99
2018,1208,66.63636363636364,63.00741818181818,105.45789097005733,108.24010919024435,-9.286623102482979,13.370303057244005,11.71742205546284,51.18625798503696,0.47658155224247534,0.4085490197484463,0.34764637635770734,0.7129750322146212,0.5316034814399258,58,59,64
2018,1209,72.65625,65.0898,111.78027207718377,99.13429328057899,-6.553605176908556,14.204126202971656,12.04539430234273,55.776161595514054,0.5419910877530312,0.318925212266463,0.2583112892756176,0.6744350423601716,0.48508971270536577,96,110,96
2018,1210,63.03125,63.48600000000001,99.3254387343392,110.1071786572769,-14.22436858253682,14.282128801504888,14.008291429674323,49.44704364407177,0.47283812245595036,0.35504395204574934,0.3067148485403501,0.6963146801434411,0.5063765658471182,136,100,116
2018,1211,83.8529411764706,67.0475294117647,125.30873617169306,94.0096612211819,-1.9784128240205745,16.072454324139365,12.01566817321828,60.34206781115944,0.5793209731668332,0.31562954542130184,0.3239031157815817,0.775721288190998,0.5630072537582542,5,10,8
2018,1212,68.86666666666666,70.20416000000002,98.26794820217292,107.40853550308766,-13.17577421215277,11.159783416211582,11.766645260169147,49.039830671451774,0.45696155657405196,0.4167432639523001,0.3217740739828445,0.6993144301934265,0.4992373188612587,269,323,296
2018,1213,73.84375,67.4184,109.3738652101108,87.79952998265034,-4.010690709550772,15.655486810260827,10.753563008342008,53.65368641870956,0.4876103207108386,0.40973432421536865,0.316845088755976,0.7221976196119505,0.5181019481118811,126,114,112
2018,1214,75.93333333333334,71.41311999999999,106.27845751179815,109.75820124110119,-12.528030621569606,14.609005060864014,12.042768520406222,52.24894973614779,0.4940574766958613,0.33956572480179037,0.2882708730508801,0.7029196837326193,0.5020181633494049,278,261,246
2018,1216,68.96774193548387,64.41785806451611,107.15986315001811,106.08121047781637,-10.155093724454757,14.484328736575351,13.650932934478131,54.8558158968721,0.5271109341929493,0.3204207332093839,0.2516181560782288,0.7212908052839349,0.48521589083980776,181,248,214
2018,1217,68.56666666666666,64.336,106.3832531334589,101.25750990435868,-5.013878631336125,14.290378625358734,13.258005127968854,54.929643178012576,0.5065938502521788,0.27834631236088064,0.26319449249512694,0.7721057802730587,0.5058754082922181,148,127,144
2018,1218,68.46428571428571,65.93348571428572,103.73655369602433,103.18206676914936,-7.954482231667212,15.216416060556517,11.66599677725801,53.85151755213953,0.5012842529919572,0.41956626115238216,0.265196934796137,0.7560216847153753,0.4906999925691485,193,196,196
2018,1219,63.592592592592595,63.09333333333334,100.79230765067474,106.3750774274856,-16.71631039389446,12.550838207628132,10.800681354600625,50.19910964416889,0.4953666649022854,0.3433226669083266,0.30444774765445926,0.7137771545270238,0.4840951888789225,280,255,240
2018,1220,77.76666666666667,66.89023999999999,116.48007032926287,112.25358037150514,-7.440476103341989,13.944745900293457,13.432196627671638,56.24990731110755,0.5365517975499629,0.370974814918675,0.3043468717339213,0.7258562240456787,0.49735209573273925,161,149,162
2018,1221,60.58064516129032,61.09068387096773,98.91989639651014,112.02408541592011,-16.89970951282906,16.24421325938938,14.42644461667697,52.96793422902989,0.5281654667516191,0.3086141901712215,0.19173207432913192,0.6829464046536967,0.4893509540585613,270,268,290
2018,1222,77.3030303030303,64.95301818181818,118.7008607493165,93.715830816505,-2.504910503099671,15.533637339063826,12.412818903284172,57.2822975082928,0.5396523830636404,0.33021326602740086,0.3465813102197633,0.7423078511670149,0.5406054844811904,15,20,17
2018,1223,71.07142857142857,71.83954285714286,98.92022948894484,119.20542746841089,-23.291328681661337,12.373408057292663,11.929102075340799,47.28502682167545,0.46059617418224635,0.35618227460174523,0.34223383341369695,0.6889356195856144,0.4403350094290683,343,330,332
2018,1224,73.41935483870968,68.96020645161289,106.40302762964919,116.72032881487426,-15.907957605154955,12.673280352477821,12.41591053431801,52.4977973738056,0.49085482421028676,0.35051155777692555,0.28883941966898014,0.6465432281593246,0.4860448447574528,338,331,335
2018,1225,73.24137931034483,64.55371034482756,113.69398551616919,104.2674680816458,-5.899090788006324,15.846376783508909,13.226881179100898,57.292353095914216,0.5463837176276302,0.31474124437654494,0.3067541333846321,0.7614329688511409,0.5379191477080854,140,155,126
2018,1226,72.28571428571429,66.75291428571428,108.38831546333338,107.08387876873111,-10.458311937128489,13.37787000867535,12.14688485033955,57.38125272871234,0.5512669102429546,0.3492414907872052,0.19467272051803822,0.7242187532799514,0.504300597357708,236,262,221
2018,1227,73.03333333333333,70.09855999999999,104.25955212677549,104.39584272740021,-11.415445674653386,13.076079154909305,12.489660295023917,53.53405902007932,0.5052496411129962,0.37021639336694917,0.29330286988512366,0.6969451351873618,0.5097560379270942,207,208,202
2018,1228,75.74193548387096,67.77290322580646,111.26850232162583,107.6436240183116,-8.266259837938847,13.944768602793609,12.682528104151135,54.136301591940935,0.4954732749845543,0.3395523726396608,0.3368568912985203,0.6825314681680211,0.47149741181291,132,89,103
2018,1229,71.4375,67.34159999999999,105.96185420927446,105.17019175874044,-9.513273519731026,14.829096149209153,13.635931778138916,53.99728777973134,0.5015098526459407,0.3446854561335829,0.25635104519974405,0.6882136704473335,0.4866499123529959,103,136,145
2018,1230,64.125,67.864,94.51911360033995,118.30270779165902,-24.919719221419196,11.473185680013414,11.018632920737884,51.03219703000199,0.4791999397373295,0.4180754796870047,0.2650200881656712,0.6398819614929555,0.5183950014396418,340,339,342
2018,1231,68.6774193548387,64.9474064516129,105.72765861045006,107.17355169207583,-13.642287315198482,14.988279949231666,12.443103705054007,52.09652392502237,0.5147654529212281,0.3727668591599833,0.30966891901229154,0.7099690296725566,0.49241229610959714,90,66,78
2018,1232,71.79310344827586,68.61616551724137,105.14614689172237,101.54708803084787,-7.745827848384862,12.4795266622706,11.885561489576098,53.90349626437336,0.5005896451140613,0.3476624021443341,0.2750379824893276,0.7678311759768808,0.4829529297345952,172,159,143
2018,1233,81.06060606060606,69.42021818181819,116.82812666677488,105.37240037409951,-2.2964772829581146,16.432593803430958,14.43292451345551,58.867506211071095,0.5444832521443633,0.3093181412034137,0.23536881109866825,0.7013155091625656,0.4845369361879665,138,126,134
2018,1234,77.21212121212122,68.00465454545456,112.99390960424509,115.2487939852099,-14.344318094277568,17.921604250638794,15.794564681071575,55.644670158423985,0.5460761375387121,0.367350687453107,0.34027970875783775,0.72049214163263,0.5144158436473228,105,77,90
2018,1235,70.3225806451613,66.76335483870967,105.0694557950935,111.71262293199683,-15.440908661570706,14.43113871337206,12.961423252655406,51.32999523942393,0.4990459107121104,0.3037095896249331,0.2943122895714638,0.6951342192127798,0.49324557865300883,116,80,104
2018,1236,79.25,70.41257142857141,112.78175644086865,102.87519438267296,-6.729446269663427,14.415596996446071,12.378185659351555,56.38204208416854,0.5293686737404326,0.3254380117511434,0.2518314613818947,0.7377787704863908,0.47903410420789966,186,166,156
2018,1237,66.82142857142857,65.15108571428571,102.63233799886284,112.02661876487335,-13.649126744588822,13.48839786347241,12.58009375434064,51.28104767716204,0.4826872136989589,0.34335876823738537,0.3161319329620937,0.7072982375264311,0.4585844463675384,289,283,287
2018,1238,61.43333333333333,62.63103999999999,97.83801551869607,106.66627341651628,-14.443143756223566,12.036519462616706,11.533309331624274,46.41064400638479,0.434188975408528,0.2527271172603029,0.30341436632534796,0.682478477224418,0.4348362396764524,333,336,337
2018,1239,67.44827586206897,69.40071724137931,96.69694012766607,113.63949230920404,-19.817398020037114,12.902731086414137,11.516851303827874,49.4834613497098,0.4899545929497768,0.3086271627461734,0.25633195105853385,0.7045910905261273,0.4871022848019101,294,318,320
2018,1240,69.09375,64.2336,107.46667093645314,106.25591331285717,-6.6031358639007305,15.950194123008798,12.237271628710653,52.87771503450073,0.5067031590220579,0.3003346821108577,0.3322890024113981,0.739570047867065,0.5225452607843798,151,157,149
2018,1241,71.0,67.36722580645163,105.23096574035571,113.4085396330955,-10.46634655294597,13.060753120092798,13.174124523742545,51.15405170583762,0.4810017747736751,0.34103304737893875,0.28734933769342225,0.7247382735564717,0.47588701138704814,268,232,236
2018,1242,80.79411764705883,66.83068235294117,120.6713672150367,98.3399347994879,-4.3993147444770875,17.540290769160674,13.469641223421453,59.86442251264526,0.5801277989385852,0.2749952787949486,0.2900565053371724,0.6837627679193325,0.4997648736118926,7,6,9
2018,1243,71.0909090909091,63.52116363636363,111.94635354005982,105.49878441197093,-8.514583339916765,15.864437284526455,13.04581425598661,56.49339033984737,0.5340518281547402,0.34468171158626265,0.261938926721138,0.6761562641154528,0.4759168110375159,25,41,44
2018,1244,69.17857142857143,67.96045714285715,101.67247455433899,116.69616735392785,-18.668034209520783,14.906115670479211,13.550781103286457,51.441784365475975,0.49390745579388906,0.35347646701834073,0.2855275540625146,0.6623877991172333,0.49788696184926173,314,303,311
2018,1245,72.18181818181819,67.22327272727273,107.0169487451555,109.94558548651624,-9.374597329389218,12.25491137605327,12.127942198481609,52.71180243833326,0.4866172492216893,0.3303460175810762,0.31135014050144194,0.6996379260356864,0.49132224869265095,189,188,213
2018,1246,74.55882352941177,66.46418823529412,112.17992786229314,109.30294996129312,-6.722380269264711,14.003207550936533,12.594387918655542,54.70515595263592,0.5212866501157625,0.44340043901353965,0.3484853457745064,0.6895205379788525,0.530802319851256,14,14,18
2018,1247,72.15625,67.4238,106.91418758271556,108.49049380656086,-8.830552971762026,13.775922228327639,12.603843695793012,53.42323095925549,0.4912515564098542,0.3104523372493754,0.2558883558805956,0.7468355850407796,0.5024391241678592,205,138,158
2018,1248,70.36666666666666,65.67999999999998,107.22670450532472,111.306504953931,-11.923490260035866,14.111763848026788,12.463703285780525,56.94081447733842,0.5378969589682624,0.2978845243706764,0.2091723093752219,0.7247421744642417,0.5273317254691414,312,291,279
2018,1249,73.17857142857143,67.1568,109.22934837717335,102.17470756174046,-4.772019326690127,13.423489725937753,12.537879858143588,52.579063989551614,0.4876391170606843,0.3705909731566353,0.3199859273201454,0.7236696982041605,0.47995201395686177,224,217,203
2018,1250,77.48275862068965,69.1358896551724,112.24387802677882,112.07121139435236,-7.50635599368444,14.727643071206058,14.732611966900334,57.01817237616826,0.5327036356953105,0.2614727211493882,0.2529364367315922,0.7349788684924244,0.5100789302204819,238,211,237
2018,1251,65.80645161290323,61.73295483870968,106.80532793395797,104.37266780541091,-11.427914761034964,15.748250914244814,14.038669297901162,55.54074386401957,0.5326776037692069,0.3511483004132612,0.22702519877914973,0.808328976452714,0.5243002002245064,185,190,180
2018,1252,80.10344827586206,73.90543448275862,108.53180693172803,103.95135007797259,-6.8736221977391505,14.58044961477467,12.411876476908345,56.349801104918996,0.5233469073825263,0.4248946081453672,0.27817448556368224,0.7639029051610524,0.5048570395169925,112,168,165
2018,1253,72.41935483870968,69.21166451612903,104.57293079181576,116.54411854579286,-15.619474756039176,12.71090033293623,12.443553164749979,52.94135980258982,0.49750661929193996,0.4053143371629072,0.3168583616572688,0.69686467618157,0.49601272674639996,184,199,186
2018,1254,76.39393939393939,69.12116363636362,110.43659841757744,108.11535086302324,-6.600800540127521,12.99111746190108,11.949749299235243,56.17526795734909,0.5266930347629584,0.3986981119162083,0.2952227237450704,0.7074215740479355,0.49791961390236755,219,256,251
2018,1255,57.2,65.79903999999998,87.16382807043537,113.39637350539884,-29.017190985129723,10.936595731575867,10.580088790454429,47.061425233375346,0.46359433884122864,0.35718135372626386,0.22072661214664038,0.699173050875385,0.5014998838686353,330,343,340
2018,1256,73.2258064516129,65.37228387096773,112.21896610201424,105.55735858853451,-5.0413421816058195,15.088083030941322,13.6929768629986,56.04982225401296,0.5122821634080251,0.3726002107418784,0.2733984288916343,0.7118201874650602,0.48731800663210423,176,154,155
2018,1257,75.42424242424242,67.48218181818181,111.97603469009573,101.33347276359068,-7.328121291634546,14.458237027104394,11.4462584552335,55.441326900012996,0.521178064380091,0.327660220169959,0.2881961915517551,0.6894590996771648,0.5119231042848823,28,23,33
2018,1258,69.63333333333334,64.62271999999997,107.84729088230081,119.16536438425716,-14.446173576713944,14.825982148311944,14.948569540415724,51.97456227283599,0.49519248425837875,0.32561721933422594,0.339216615096243,0.6915349591197306,0.4643646006565725,206,234,222
2018,1259,65.36666666666666,66.816,98.00768155892654,115.99972248084815,-17.982610062588222,12.236131871172669,12.131712649339551,49.13580847662634,0.4815948443636575,0.33624615910877115,0.28854322421642725,0.7384238446336907,0.4720575067953557,313,307,324
2018,1260,70.75,62.708400000000005,112.79531880330273,94.4237576458851,-4.355042430482095,17.62804343348469,12.695545410236546,60.2674078732122,0.5809483981335757,0.3471202373648631,0.22219335832184753,0.7468428654308419,0.5138292466221541,23,62,41
2018,1261,75.61290322580645,65.95138064516128,114.75734201448019,109.08027895524079,-10.777890537031224,15.216274695959388,11.72081281851369,56.593831642400126,0.5468706674263416,0.32773128422317427,0.29721679152478225,0.6916144589881069,0.49378484131858874,74,70,61
2018,1262,73.65517241379311,68.44535172413795,107.52208051303148,113.68757585193235,-14.006062665863146,15.11067157910365,13.862584094648929,55.08833222024759,0.5215663200109228,0.39962652390314934,0.262578479582921,0.6704720171960374,0.47376164670304355,288,297,288
2018,1263,62.43333333333333,68.6176,90.75986592076801,112.1975717775295,-21.959547932103664,12.031090833218435,11.586549491675688,47.6966190723872,0.4620324853876433,0.29482115863463965,0.2507798521058627,0.6941712538864432,0.48440574328549707,334,335,333
2018,1264,71.06451612903226,65.11215483870969,108.80801109138625,107.69535071425375,-4.204868136079163,15.13798153358028,14.32653612273743,57.02934572237789,0.5179101382889877,0.3822558801524014,0.30695852577670985,0.6809696809866036,0.499357951911729,234,201,216
2018,1265,70.41935483870968,69.06487741935483,101.79613044861945,115.79301039107254,-18.01628526827531,12.881302050380793,12.536808166076302,55.276176627758126,0.5298121770171257,0.3713390769241682,0.2248942816338849,0.7029930078736694,0.5200784615340845,328,317,319
2018,1266,83.4375,67.58339999999998,123.54531392126444,107.54419391803494,-3.4439423050837927,16.404641599702895,14.638481071143874,62.1224283356776,0.5679556332747058,0.2933644725815897,0.2711034107562807,0.7155822714964077,0.49429541342870287,43,51,53
2018,1267,85.3030303030303,73.02574545454547,116.86685176288366,101.98909585407269,-1.7010608462384171,16.66650769311303,14.247773808107393,60.20542002568711,0.5502196715778908,0.3348993504863831,0.2227428018236574,0.6836988385419216,0.500620580269086,75,125,114
2018,1268,71.93548387096774,63.5842064516129,113.0098690358344,106.33160310783217,-7.924843215347676,15.569269947887722,13.219223781730912,58.32311402024958,0.545770079385234,0.382610367146387,0.3117424201577623,0.7198569215168634,0.5330983189800987,68,40,46
2018,1269,72.60606060606061,65.53076363636363,111.02527183986727,109.2685769321478,-8.519610064040107,16.39509206043665,14.861613845059644,56.62812281279281,0.5283305385700323,0.259999289358347,0.2747161446703455,0.7058484103432142,0.5004382121174453,221,184,207
2018,1270,70.68,68.67609599999999,102.96847168517317,112.49223060426992,-16.036708534619482,11.217145088100844,10.684141378699023,51.60118302247733,0.4914223275478878,0.3318589055015109,0.29111102425617547,0.6698681689434971,0.4923099178720427,293,313,291
2018,1271,55.166666666666664,63.75487999999999,86.1625838682062,121.81666067656899,-37.57066402172902,11.670765387618708,12.04748766309621,42.47645731074991,0.4335647747848039,0.3037719986638766,0.28501313085568236,0.6558190527205395,0.4707834848498642,349,349,349
2018,1272,67.47058823529412,63.78804705882353,105.40386028555653,114.86057102377211,-13.593252872203763,14.138258694943834,13.467016958383127,52.58047923537883,0.5074788533044099,0.4419025545152839,0.349190990286175,0.6665526624179894,0.5123414843478906,97,131,161
2018,1273,71.86666666666666,62.545280000000005,115.16787233784945,112.28579671285256,-9.858936171064306,15.613372273889164,14.82168551786642,57.7683970926785,0.5487789915391513,0.3699700118961552,0.3124536962899685,0.7554823532176649,0.5340047533174881,167,143,148
2018,1274,74.35483870967742,65.31839999999998,113.52615541475835,100.9012253182533,-3.7831752550317312,14.413421475475205,13.17297820177339,55.86648475098816,0.5325825289995311,0.2987034985807732,0.2867826069997672,0.7217825991407107,0.4988138592342294,24,32,36
2018,1275,69.2258064516129,66.56268387096775,103.75389511115402,102.79561279017318,-8.265427008452527,13.497434282180892,11.944726991684382,53.21511498204766,0.49909949278021853,0.2787205829849907,0.265170265591338,0.7441398928837364,0.48928139669973547,196,195,193
2018,1276,73.70588235294117,62.952847058823515,116.85385081834005,90.80318994504283,-2.96070558784652,16.327323705155543,11.448487624683818,56.89031854310897,0.5440444713877615,0.3088253214147761,0.25762174333360627,0.7541091510468503,0.4926338039822191,3,11,10
2018,1277,80.66666666666667,65.14967272727273,123.64496576486886,95.59964157692855,-2.510567889956136,19.334811467021066,13.387664799355692,61.199650584992916,0.5767350888073307,0.37184573551574157,0.36762240057873935,0.7389253930464269,0.5790438223888562,6,4,6
2018,1278,72.21875,67.5744,106.17039848476928,111.81615958921176,-16.601813991280856,14.625197953525623,13.083696232960223,50.27576218453201,0.48279032496202723,0.35362651865025635,0.298560155313526,0.7071648317214528,0.49813080954210576,133,87,118
2018,1279,72.4375,68.21580000000002,106.17750906492104,113.01187002516993,-14.995241747046272,14.798505100804189,13.833619017611301,50.72562236777669,0.48604708939879554,0.3431655670889229,0.31106248948738674,0.697558836562477,0.4740125990454697,128,99,105
2018,1280,71.875,65.76359999999998,109.0588701791933,104.38531401630635,-7.548179570316765,13.79573138689325,11.475003931306144,54.46395330423212,0.5241202875359348,0.3296178956158696,0.30964596651381576,0.6987420823276742,0.5176357211984648,54,65,62
2018,1281,74.38709677419355,64.43520000000001,115.14557523092641,99.64257733698336,-3.5852893970625512,15.053597159557386,11.687370418186376,59.76913755586321,0.548427495392138,0.3939579193335254,0.3050989684068948,0.7167289042088096,0.5214088938237981,56,43,38
2018,1282,68.75862068965517,67.95211034482759,101.60836357955475,109.12773426462518,-15.98559826889826,11.75612029693631,11.169610150905715,52.775732200959084,0.47922486564522004,0.35645241654998716,0.21114767608206225,0.6677076882214955,0.4737521417221478,287,304,275
2018,1283,69.34375,63.0768,109.79070278936646,106.00603325247083,-6.64083710724063,14.006274642274725,12.403210390153236,52.64048397325188,0.4939030212296116,0.2775170273322423,0.3284169347271838,0.7487029623379859,0.523121085395544,149,124,122
2018,1284,71.6774193548387,69.5616,103.11968470697421,110.95580777191832,-13.017900398759807,13.49601366377076,12.625481412916427,54.26475869483214,0.5237794916203838,0.4460257895362088,0.26053836387279056,0.7336582350555477,0.5176162553327681,232,167,181
2018,1285,77.80645161290323,67.31953548387095,115.50079297362433,103.53033556144027,-2.965943839278259,13.42546023243503,11.014697596882721,55.900921259253415,0.518958437092616,0.396381783898366,0.3388904002591595,0.7402174353644454,0.5169850864940716,57,98,71
2018,1286,72.83333333333333,68.70848000000002,105.81565883978736,114.1109909502789,-14.39620720185959,12.58375417647523,12.414904136382491,52.08065878394017,0.4804107660693118,0.39569699863853114,0.2855568233244041,0.7200819845147278,0.4776479630935633,271,278,268
2018,1287,66.33333333333333,67.06773333333332,98.92615123826869,115.33941265111952,-19.259504572050425,12.116446481444278,11.694267574663023,50.701061751747794,0.48234473102521264,0.3724087712194892,0.31142221842486273,0.7012976321655204,0.48851738624014807,296,284,276
2018,1288,68.58620689655173,68.78565517241378,100.44803572405888,111.92887057711951,-17.31714490020716,12.71545799723223,11.276063438179337,48.52673498506263,0.4632825082197994,0.39222958287564963,0.33619334978243837,0.6915723595089822,0.47892666370690723,331,328,323
2018,1290,58.59375,67.41900000000003,86.23164051758609,116.49072407638657,-31.101766339232128,10.873734478526893,10.737011492102425,41.804294808801814,0.4288034016567864,0.2963161433425775,0.30040361011231426,0.6770518190666377,0.44938869140248167,347,347,348
2018,1291,72.63333333333334,64.18943999999999,113.00949808467446,105.61962432711725,-7.578017503819743,15.720688591667226,12.989797759006272,58.08426247100831,0.542261092213518,0.29907265374791486,0.20487814302012397,0.6564932824564311,0.45643231611416407,253,245,231
2018,1292,73.4,64.8544,113.52828406108048,98.44642695266882,-2.806333725949359,15.143895745496605,12.516674079745892,56.06554457530028,0.5249214623027418,0.3116359828389338,0.30945331530736225,0.7739843268697275,0.5271677601929543,70,64,52
2018,1293,77.03448275862068,64.33059310344828,120.13744102593151,95.4185304765536,-2.372306782168912,15.620563534096112,10.995111201835659,59.06223886982122,0.5541774584434912,0.37938292520213185,0.3237912583449544,0.7298801521776432,0.5385989298646706,40,82,59
2018,1294,80.3225806451613,70.03974193548386,114.53536174960365,96.26372204573772,-2.4957860271070214,12.100823996605797,10.37090651165215,57.67576327262185,0.5349419665621337,0.33917483309798846,0.26463719310591066,0.7550467417536381,0.5100601413112087,119,146,108
2018,1295,72.58620689655173,65.26675862068967,111.0372813216918,105.55899272195076,-9.935372939239924,14.067974289785038,11.251114313565184,57.692218899543214,0.536622760991534,0.30712832802745754,0.23150782629228542,0.7529433561964587,0.5092335563008797,190,174,169
2018,1296,64.8,65.72224,98.68626844524864,116.79589127314024,-23.429718364464684,10.071545524181856,9.694899118500786,48.786038159113524,0.49462908021887786,0.3408518668544476,0.28103623362206154,0.7145127463661289,0.48893170057480206,256,239,255
2018,1297,77.41379310344827,66.72132413793102,116.02142232300656,97.49599388437842,-1.385992419832807,16.801271607689717,12.81505275336674,58.52430063910815,0.5457260053635167,0.31888157110491855,0.28029849468320145,0.7313786630923393,0.5200095213073118,143,105,95
2018,1298,65.51612903225806,63.604645161290314,103.3517694017306,107.28830253692057,-11.283935155184405,14.812698339253185,13.667977006666499,52.80490882403024,0.5000424539083584,0.37286908310508476,0.3191282625223412,0.7799479797141572,0.5067411010524878,214,222,229
2018,1299,72.0625,67.60740000000001,106.21160285216446,109.70522149264414,-9.844892184452107,15.57024317167965,13.623630128957112,54.55034588992566,0.5143533778842542,0.38948227279229436,0.27828378422154904,0.7116335007575085,0.5009553716693409,290,311,304
2018,1300,67.61290322580645,64.70771612903226,104.65969256343038,108.71681315872951,-12.65443890937038,15.705239365859718,13.59258985561531,52.575929269701184,0.5155447867056409,0.32546387796062726,0.32453678661253205,0.705477594684507,0.5111703887360467,282,295,309
2018,1301,80.59375,68.7504,116.58727654765232,102.21332996482002,-6.326703495533635,15.975094179804064,13.394978739820962,56.189009868630606,0.5345681826129658,0.34603393020725376,0.33246372524953527,0.6855926718297249,0.4937471903142464,44,48,42
2018,1303,72.75862068965517,70.12899310344828,104.13577887863458,121.24305295993369,-20.203431186900342,13.32429235911807,12.754693899559314,53.12413660883937,0.5184497623921501,0.2798124642743667,0.24484759584488008,0.6938184115508335,0.48837746613175875,283,272,277
2018,1304,73.65625,65.21159999999999,112.98222877617414,102.83100905881392,-4.141842999420142,14.624965023463162,12.090439000998972,54.82159923515689,0.4952179522400044,0.39185232095352956,0.3021679667038164,0.6664681752961125,0.49973743823699984,37,58,57
2018,1305,83.1470588235294,68.06456470588233,122.26821198287932,100.3646029779175,-1.8770243260728425,16.830342247431794,13.633723646206604,59.378915947618495,0.5512799547832546,0.3799628334379904,0.2703166930668783,0.7137371976472198,0.5021652630023948,26,39,24
2018,1306,66.03448275862068,62.71845517241378,105.41209762711793,108.1352170517629,-9.476682272333605,13.051451419076656,11.84522098264966,51.48191459877246,0.4648735968465388,0.3097614690517335,0.28582128766416415,0.7879271210013926,0.5024135307086309,309,274,283
2018,1307,82.48484848484848,69.34283636363637,118.9344957825897,103.90033006162264,-3.72831790284294,15.597604675712997,13.30847552656164,59.741732839052,0.5372177418605039,0.35137952755973606,0.25983493885240155,0.6950929758942528,0.4718319605286404,94,109,102
2018,1308,74.93333333333334,66.68928000000001,112.30400419188135,92.72465074276657,-3.481727648585447,14.220906365676708,10.636941543749453,53.94824279738849,0.5197313891051827,0.2952771571302335,0.3381912818286682,0.7718808507587063,0.5449941655077709,34,67,55
2018,1309,63.392857142857146,64.93097142857143,97.41193354064727,108.83714570118661,-17.15428693650699,14.646758166655829,12.805116163889625,49.612899202280694,0.48421741947548014,0.4363076766427546,0.328014644020734,0.6913133869886792,0.488654168262373,254,267,270
2018,1310,82.28125,71.5578,114.92062055505218,115.95176781747328,-9.625896749938386,12.220327462648575,13.169041886781692,55.10335923864633,0.5159932373328917,0.39606902756672635,0.30573917599077227,0.6922855144374174,0.49924606197693816,177,197,199
2018,1311,79.0,72.08365714285715,109.77135184064566,103.53704829652035,-7.347031208765601,13.418795206969268,10.860402804811738,56.030157992348215,0.5214289355658301,0.38241413514753997,0.3064530334014015,0.7000191864568749,0.4969502197974622,169,214,183
2018,1312,72.46428571428571,67.5401142857143,107.38688643406486,107.93057883840335,-8.589484420311868,13.581780997887446,12.028783377378984,53.25567212049149,0.49870087225422954,0.34285180798349224,0.29479175550462294,0.7222764633003137,0.47086333602955266,276,265,254
2018,1313,68.46666666666667,68.34176,100.28875804606199,107.35969160472953,-15.555919339060274,13.85011589298981,12.842250762695683,50.405196890874635,0.4954532993744783,0.3223044326976614,0.3127009054882151,0.7024946880158078,0.49836720199022505,323,315,313
2018,1314,80.54285714285714,68.18358857142856,118.09067419564981,109.92125223704693,-5.331711433345605,17.468051219017507,14.870175695856695,55.00710560918681,0.5239563371233449,0.2956025136559986,0.38200217127701297,0.7412545155245562,0.557960401504614,8,8,7
2018,1315,72.53333333333333,70.99647999999999,102.3959050382434,114.01568452124732,-18.52310765624816,13.310460014149673,11.89741843916119,53.790953814617716,0.5195386992981228,0.3658617490369062,0.19212229207481707,0.7076705830222082,0.4755000418912568,226,260,234
2018,1316,82.33333333333333,72.05055999999999,114.07839437620576,119.56973701936278,-13.646172334210622,14.465150191825703,13.3283633325128,59.33322226725448,0.5381420859144481,0.28890159119472175,0.2529165110737617,0.6457773852486793,0.49721530638872974,252,285,284
2018,1317,71.83333333333333,66.31296,108.25135275043104,105.5145455858764,-5.069228551207529,12.995715008232878,11.890430088656405,54.05190370060905,0.5045676647375897,0.33273407761420926,0.30499937167794466,0.7483334903334499,0.4912114563002936,211,212,185
2018,1318,76.84375,65.29859999999998,117.85378218284212,96.39705900339686,-1.583946278963443,17.29751796729196,12.878985366313657,62.52719695289284,0.5733558949988876,0.36066364240583865,0.247098046111778,0.7466499343436087,0.5086535701795523,93,104,97
2018,1319,57.833333333333336,67.34912,85.72578201636726,117.4499829112993,-32.23306620341914,10.532686696406442,10.467380877115628,44.946433996267935,0.45150124820936083,0.43256249456916884,0.27089175037844127,0.7089419880359542,0.4675077214935158,332,333,326
2018,1320,62.13333333333333,60.84544,101.58131387965977,103.20242380675258,-11.122463505859264,12.934675276744922,12.258887892642813,51.33385268735029,0.4877183677461153,0.3241595557951002,0.24429616092229506,0.7871649459240574,0.49689354346369924,134,113,123
2018,1321,68.0,62.42849032258065,108.49361735922658,105.26168669120068,-10.927870228238893,15.226490379636031,13.916539684140997,53.10163335083079,0.49464269022711593,0.29802453236664067,0.2937960130378889,0.7258305711913442,0.49382839421715313,108,71,87
2018,1322,54.76,67.68153600000001,80.99178868225903,115.676051844819,-36.63258517186507,9.439309864177652,9.074274124512339,41.76529369394027,0.44210286684657574,0.34462811847908886,0.3215516820271207,0.6639050178206034,0.4655543292279419,346,345,345
2018,1323,74.72727272727273,63.73469090909092,117.01360351008341,106.83171694889319,-6.389277505826559,15.651621267023991,14.945112839747043,55.90249790362067,0.5184797979879473,0.32143551963723116,0.29969945360893474,0.7128348158844319,0.510773926182778,52,25,31
2018,1324,78.84848484848484,69.18807272727273,113.91445889680938,107.51242788986762,-5.135874797892489,16.796136127534,14.253996999546539,57.40509181200485,0.5232569923646668,0.3590711685095246,0.2795606654533682,0.7162700549834957,0.5024498725276535,198,162,178
2018,1325,73.63333333333334,71.45215999999999,103.02735035049267,104.39516278741925,-12.506396483189627,14.75848721396435,12.09155429389967,53.26854500838776,0.5119847734087175,0.3161846925220312,0.22617890847395106,0.7370152243149436,0.4968409726253923,209,183,195
2018,1326,73.9375,64.911,114.13961368494947,103.21916886111764,-7.458217022201161,15.942197090715407,13.184252104791197,56.538448197031975,0.5451286941259684,0.32387574907940686,0.30206735797387274,0.7584180787522419,0.537212983898074,19,22,15
2018,1328,83.41935483870968,73.60350967741935,112.95182216192582,107.75481686916011,-9.297962297710344,14.588622189179963,12.629165970631702,56.59256083433819,0.5402074020573181,0.33951367876303895,0.27807512960349096,0.7019636641621588,0.49669325432562356,62,36,47
2018,1329,74.36363636363636,67.59214545454545,109.96131086771607,102.95244829783043,-9.821096952354214,14.408969913656513,11.810911325424046,53.522497584363634,0.5070450408534234,0.3235312920183579,0.3408028710718325,0.6939592563278821,0.49697729290700177,49,47,56
2018,1330,71.84375,63.79679999999998,112.50911803606125,97.55479903884061,-5.499675183870044,16.097882645811765,14.128856021839542,53.25625595177521,0.5082541440542511,0.3371812706877198,0.31821927848126963,0.7424183988492138,0.5160613297115964,71,74,68
2018,1331,68.35714285714286,65.63657142857143,104.24259241723288,120.65653687408869,-21.220379971504247,14.36581009494324,14.366860440589575,49.976700715837566,0.49045486941264,0.24636255461514775,0.3532163508583829,0.6909467854523658,0.4882168154035461,247,235,230
2018,1332,77.05882352941177,66.67821176470588,115.23069160719598,103.26843246250344,-5.712223526722384,15.746213274963495,12.687272534598875,56.534419414729825,0.5280786976077156,0.31021560887822414,0.30409827545454904,0.7369670849760597,0.5174975947588272,67,54,76
2018,1333,72.34375,65.004,110.96699631758995,110.3892928833979,-6.600069441623676,15.754284627850582,12.701877377872336,55.55616511128252,0.5208359280926226,0.3931666221824954,0.3169208841613866,0.7190835547688875,0.5135283514979885,110,92,94
2018,1334,65.06451612903226,63.93847741935484,101.9144095218748,116.3743838538376,-17.633318572393655,13.414496833555475,13.45463366568447,50.06700460258658,0.48747463108317546,0.4140761906991822,0.30136078734841576,0.7295105093273038,0.4854359470030167,170,180,166
2018,1335,76.48387096774194,68.39907096774193,111.9576180531034,94.85712224828978,-2.735814401341787,15.873859539200003,11.512662313069532,56.80067759141014,0.5363435559399617,0.3389443851207249,0.23522188620394135,0.7755038263459515,0.5055794536498642,99,118,127
2018,1336,74.02941176470588,65.49176470588237,113.53807114982196,98.142063928458,-4.818267421370077,14.67835624736071,12.38072030763018,55.55952556624795,0.5278880366094506,0.3150406659435633,0.3142967025775675,0.7259175682023827,0.5162471814333393,46,38,29
2018,1337,62.774193548387096,64.6532129032258,97.04144063800032,121.6208327314801,-26.66466579244062,15.158383101701846,14.843383275930872,48.04645565176525,0.49866971010016015,0.3579828710544357,0.281681435566042,0.7383621023739276,0.4825263520449379,277,247,263
2018,1338,62.40625,62.96159999999999,99.00391303575098,113.35198869194262,-19.777043290128226,14.396038133291867,13.14388697823152,52.55465181674083,0.4848385554697916,0.32910680555876565,0.22592007941336228,0.6669677483660841,0.5012508214131786,228,186,226
2018,1339,64.27586206896552,64.95558620689654,99.39738674518176,114.44362545113418,-19.624088464018396,13.359420476921153,13.0457932446549,52.736428835376394,0.5097315238520662,0.35323894766783015,0.19098876589875088,0.6962057329220928,0.49824132699215806,267,269,266
2018,1340,83.16666666666667,72.59967999999999,114.72906674396349,110.79173733231417,-4.506718602672072,14.026068214648724,13.689189116141153,53.8428891238458,0.4949598486242107,0.34005679345040546,0.34013249478597934,0.6944333901155921,0.4645852481402203,160,182,164
2018,1341,72.63636363636364,69.15083636363634,105.64108542994066,106.96157492013988,-12.441544740726107,13.043682598298505,10.888082724533053,52.281746549568766,0.4936985410842754,0.3979474485467299,0.31437999647461484,0.6754679337692049,0.47595900666406193,281,294,272
2018,1342,63.93103448275862,61.49693793103449,103.85584288631719,115.50445381863298,-16.353018172409087,13.052718571046857,12.600393647101411,52.92853258727533,0.4910828258587779,0.2830091530990566,0.2536506537151317,0.7011889250219773,0.4657378444896757,325,337,334
2018,1343,72.78571428571429,64.91382857142855,111.39710831941734,105.30173066711521,-9.373770534834376,14.19743289447209,12.185527406832648,57.34806812843577,0.5404311662783321,0.26793621826719927,0.2126947077403553,0.7535416491560841,0.4861124072648592,223,165,191
2018,1344,71.6470588235294,67.21863529411768,106.8427917299069,106.81426635114714,-10.275650633221879,14.490594370343423,13.296034673256067,52.83447481961866,0.4991655828564003,0.3980896706493565,0.2943097222065826,0.7161292948361442,0.48621573896673775,27,55,63
2018,1345,81.26470588235294,65.1072,124.70036348451404,93.6568533326585,-0.9709384496968136,17.763930416683294,12.798344333161285,61.84838552136745,0.581210292488323,0.3678447889091338,0.2770612374662079,0.720151530605159,0.520675636365237,10,5,5
2018,1346,71.15151515151516,66.25105454545454,107.20302513225154,113.61598511266267,-10.63957760603361,13.305915571894937,13.497936321566428,54.49510945992858,0.5060308220371385,0.3773657406576829,0.2732999965788545,0.7251815293498589,0.4824430310232607,257,277,278
2018,1347,66.375,61.287600000000005,108.35093234820562,102.45731558871526,-6.368877815502618,13.628426700379437,12.542669150905027,53.19975326194002,0.4952894492384118,0.3239327942311516,0.32001768706950917,0.7185317391572646,0.5056624337489138,146,191,170
2018,1348,76.5,66.0432,116.01374885032178,98.74370392472264,-2.5703169904275733,15.935344477378255,12.780330630953882,55.2843988900257,0.5170487404132474,0.3083019628848493,0.31093868418923537,0.7297143269771048,0.49412515815969466,29,45,49
2018,1349,65.20689655172414,66.7656827586207,97.89900785499796,112.36512237930391,-18.4957061117325,13.28071697694411,12.906539903576839,50.51192855785834,0.4837002148696511,0.3717298845787453,0.2780071147594491,0.7174498162587556,0.48792081329617076,311,301,295
2018,1350,70.53125,65.706,107.56286365167493,114.26139941790294,-13.159873997696593,16.479251942173363,14.458865910606596,54.68285524546087,0.5231212049329406,0.30635252526217416,0.2301505395353802,0.7166788750840537,0.4656270673835489,165,156,179
2018,1351,79.80645161290323,71.14652903225807,111.83618786572634,111.37147896046629,-7.541934029924402,13.963147491267478,13.723229042613466,53.85948991137322,0.526062502449105,0.43670218903388164,0.3340719229917944,0.7147126855011539,0.504959108745392,131,141,139
2018,1352,68.12121212121212,67.5258181818182,100.95095362672657,100.59395526711315,-11.61237800250119,12.269400479950331,11.302931589305654,50.675854818231976,0.4759186707113654,0.3483747859504287,0.30938516588425247,0.6888861909841232,0.48093476442438743,241,253,244
2018,1353,60.36363636363637,64.05527272727272,94.03555645483614,103.9460472051593,-18.629422602071056,10.562620689964078,10.122409631796861,44.32838012867746,0.438647787832226,0.31239204324658937,0.32642296093400014,0.7141393024811887,0.4892338855638821,125,121,133
2018,1354,66.8,69.77984,95.72500079174137,118.76838674064192,-27.01602036861725,10.801728688313993,11.043909346053375,47.440778905114165,0.4691326067096551,0.36932619664092214,0.29338993572904626,0.6708112052326191,0.47085609829888586,342,344,343
2018,1355,82.9,69.42784000000002,119.16651214149256,101.3492509970525,-5.770683929490006,13.52987970288147,11.33680960710392,58.70440637814665,0.5464505325237358,0.37018301586566366,0.2464664432348424,0.7726778950501195,0.5186708737696157,30,81,75
2018,1356,67.78125,64.53,105.34238841669165,106.08036517345944,-12.056121923811594,15.593292551636877,12.916377529610866,54.06204951276039,0.5250692781302568,0.33889721905962694,0.2594413374425987,0.7104262172939867,0.48501736209837176,120,148,137
2018,1357,62.233333333333334,66.21504000000002,93.8184639099905,107.59937418812729,-21.21358186760509,13.612506937042758,12.015435575759804,47.27320858293472,0.48680771067505296,0.30640687501901415,0.32235017611832023,0.7734637451138912,0.5119950516960651,318,308,303
2018,1358,67.75862068965517,64.78344827586207,104.50395839773151,105.72718574074946,-12.400749061697038,14.804318276652678,13.211085491276265,51.243840300558844,0.4863541415372694,0.340185843550781,0.32460968379558963,0.7158852171978213,0.5013392579174676,203,221,212
2018,1359,73.53333333333333,67.91423999999999,108.06597024764598,123.36271103017513,-21.17607043398863,16.780705025679488,15.75214691682452,56.40791124008735,0.5461493195087459,0.310742954086012,0.2481929106241993,0.6494002374912108,0.4872869420312894,308,281,297
2018,1360,70.36666666666666,64.02176000000001,110.01334500463305,95.20988427695123,-2.463205295059128,15.311964746283913,11.831841740563886,58.21182798003205,0.52575527065718,0.4168985828833086,0.22220270007963885,0.7419434915079945,0.4879037006917991,130,132,124
2018,1361,76.03225806451613,66.87607741935483,113.57624910306241,101.7345814748407,-6.721746308772906,15.395506449041061,13.616041869206015,55.26792639556774,0.5200635630510119,0.3549709215259241,0.31828183051089864,0.7453375760714626,0.5209678030763889,41,52,50
2018,1362,69.3125,63.9138,108.5822295414119,101.14723906163428,-6.5447171759306,14.468201558609136,11.994672748043387,53.45944363356088,0.49644471282967895,0.2923887099543593,0.2844742283955158,0.7490694406809792,0.49502551836725883,122,135,142
2018,1363,56.724137931034484,66.1784275862069,85.58190663720558,117.192140005379,-31.106095509836155,13.459476047840504,13.457264658508514,45.99726607906516,0.48566794529073815,0.3505066953412724,0.27908265521421177,0.7520271590797332,0.5151397642301457,319,292,298
2018,1364,75.1,64.41599999999998,116.61743952396978,105.0395757654896,-4.613939250259516,15.921782921391413,14.06020950215904,56.34076191158913,0.5310368631921135,0.33122002818527374,0.28429410784049447,0.7308300336584066,0.5024796800801322,121,144,121
2018,1365,63.41379310344828,61.78824827586204,102.52393641247748,111.69494301464775,-19.279315439146693,14.664197869684395,13.800309304007753,52.04356841702156,0.48866587565476916,0.3137146294278245,0.23563344370872538,0.7340292886544548,0.45546130186849537,248,246,273
2018,1366,86.13333333333334,80.2976,107.07217863442644,112.77477308060334,-16.08231232489551,13.779810224349637,13.20512157897109,52.204672673674786,0.4790338624049628,0.299833112425732,0.2694846077760346,0.6484027170101904,0.45726091563240107,302,327,316
2018,1367,75.82142857142857,68.44182857142856,110.93436756084517,127.62364056528077,-19.428331705710413,14.24394716107629,14.002012937673017,53.794757550536694,0.5041728258581728,0.21905470506301383,0.2684617244692248,0.6979867695158356,0.44723066614381907,341,332,338
2018,1368,69.1,64.81152,106.8188239609795,101.94818712755927,-9.603434281363752,15.804371154466557,12.308227035167056,54.21634611518996,0.5217018513313899,0.37091989094024574,0.29257126961328167,0.6670262893887436,0.4845109712275555,155,207,190
2018,1369,75.48275862068965,66.1671724137931,113.76597245483374,116.11003441005626,-10.827295403131522,14.766009854061037,13.472477884827425,58.31141177114877,0.5441104286433179,0.3818582367098367,0.25855385729981467,0.7094521331415842,0.4871293307679972,237,266,256
2018,1370,72.63333333333334,66.35968,109.07427132788968,101.81137640716231,-10.160925529180169,13.532832000362024,11.37319457342973,54.75502349435099,0.5099098338748874,0.3557804314567733,0.2983782323188793,0.7248058234703357,0.5106409533022572,166,203,189
2018,1371,77.6875,67.99440000000001,114.36047014340176,106.78155837466196,-6.0060502660693675,15.917719356614068,13.557848181335872,55.3686992915068,0.5303438017866058,0.35209101922189334,0.3400380628776621,0.7190332301925919,0.5223548031537879,36,26,26
2018,1372,76.63333333333334,69.01568,110.84656090932306,97.1143867325437,-4.67491111626506,13.84390027026671,12.570705714001463,56.16289116331492,0.5331682737031971,0.4117231647921621,0.32456403858797,0.7112734002404089,0.5092722388864702,83,120,111
2018,1373,67.5,66.01679999999999,102.43069165231437,114.03062906485282,-13.66895465913345,12.114432173029282,11.663429402776776,52.59533674003934,0.4837559452096058,0.3716633085305668,0.311526985320911,0.7155238975804736,0.5073356389833463,315,280,301
2018,1374,68.63636363636364,61.302690909090934,111.7324091762821,100.97582349162721,-8.982366628427346,15.838867253494385,13.788116244176148,54.4278539106196,0.5220823419945796,0.31475544067509453,0.3224196753208289,0.6807060959962687,0.499139013795099,117,63,85
2018,1375,68.6,67.76704000000001,101.3033402093367,101.8590493470147,-10.242514935890915,12.983664206317904,11.140600564414196,52.923046817049716,0.4833263374119782,0.3857177230891919,0.25688457059457254,0.7050026880940732,0.5016063379970165,250,231,220
2018,1376,69.15625,66.4986,103.75642281610885,102.3692371746708,-9.606674958518937,13.350535182078168,11.790142959802088,50.857004277424075,0.4632758735863778,0.42998919004649744,0.3356511512404491,0.7257192595792893,0.4873070069636856,80,72,81
2018,1377,79.16666666666667,68.41856000000001,115.95457510529354,102.53280672243876,-3.5813430364716017,13.679549143892931,11.663679775189456,57.07739292132124,0.5287701973000805,0.36407069820925886,0.2972030625427456,0.7272604224885734,0.5189698458072808,81,88,67
2018,1378,61.4375,62.47319999999999,98.47626224675523,111.53930065644629,-20.473710353227915,13.587397095887413,12.46666749486811,50.54232633101353,0.47874855455776033,0.33662129951994746,0.28999289494391906,0.6946990054798525,0.4969085422207006,263,257,280
2018,1379,64.2,63.86368,100.88087415724227,114.85155873948035,-20.952997166274404,15.847111557522597,14.154277139799692,50.50549897544685,0.5054765438589673,0.2898195518398964,0.20294095974159598,0.7115522139905821,0.44946468790740784,188,237,217
2018,1380,64.35483870967742,66.23690322580647,97.49314673434777,110.21890511785294,-15.941221129071712,11.586751307139386,10.459382930161937,47.89858021189287,0.45005484100372145,0.4370956464208066,0.32198039725634986,0.7008023522617314,0.490669297108766,322,324,327
2018,1381,72.46666666666667,69.75551999999999,103.83559278238188,112.59251882822296,-16.729474342659003,12.522300157678844,10.882214879205971,53.29722226687691,0.5053494403597442,0.3682280400406997,0.2261569945180008,0.7531275598548216,0.4693018441832372,212,282,245
2018,1382,76.65625,66.69179999999999,114.97966367566012,104.31307336206365,-5.167314925798091,15.147051875615475,13.15080006920794,56.67633874534325,0.5265413778597787,0.4094446785709089,0.29572117320941366,0.7070701532478246,0.49180294390798757,53,60,69
2018,1383,72.55172413793103,67.67470344827586,107.1799732847138,106.05715024030937,-9.968939326397123,12.173149824555626,10.90310593350082,53.73019960212347,0.4878844821002754,0.31146139793708605,0.25700086928615234,0.6853694586672738,0.48138222767942174,299,319,310
2018,1384,76.14285714285714,67.75542857142857,112.24322211161824,111.20218605473363,-11.524439432147485,14.070821754153872,13.863248403000972,56.73262688748376,0.5364120964905276,0.3427489759015829,0.2614236707003526,0.6903976423637487,0.49549328727204145,220,215,204
2018,1385,69.84375,68.8446,101.37488138008727,108.57823653631637,-13.207516074958747,13.650096303258996,13.158257674026087,50.9811589593634,0.4934427479458761,0.30727314655706744,0.23057585230049907,0.6816751505541198,0.47429037948590064,73,68,80
2018,1386,70.84375,68.29920000000001,103.74790401948903,105.7763861443924,-11.16999539141524,14.738470701304076,13.913444193834652,50.474622196849985,0.4911647883939262,0.3518922305448917,0.23590613304822305,0.7602654796219318,0.4927876806041593,137,102,117
2018,1387,64.0,61.66200000000002,104.16751880016211,107.32713623593841,-12.054842653920328,13.217486376451518,12.456817780074974,50.659393731781236,0.47278002606669595,0.4669723010610069,0.3373794957442358,0.7282175080406287,0.5074814791241263,152,137,146
2018,1388,76.84848484848484,61.312000000000005,125.47427255923081,97.43425556334817,-2.1813204388534637,17.536291842508604,13.583310933227452,62.151144805354015,0.5850463303834152,0.3233749896737068,0.2770196640194016,0.7738679442448826,0.5419885436426294,42,42,28
2018,1389,64.09375,63.262800000000006,101.47748199297415,100.99048005678148,-10.163460267630605,13.608765188202081,12.415587108648442,52.04108263774622,0.4944616050248041,0.2788911673454026,0.2655590451640804,0.7221694771871301,0.48853931486857605,215,202,215
2018,1390,73.51515151515152,68.80872727272728,106.70321282676322,108.80590737559511,-10.70718566064698,13.976732246950567,12.161007611662596,54.7035213193763,0.5249115211082807,0.42138698158042837,0.3232889761006582,0.7339356108446848,0.5298772904812238,85,79,84
2018,1391,70.5,69.63222857142857,101.37944384571772,113.13997396278832,-16.212576284653128,14.420021149169342,13.51819600152025,50.09943399712641,0.4908469251402461,0.25475794170003824,0.23159253007039649,0.7222036677449639,0.46472479280627005,316,314,314
2018,1392,69.2258064516129,66.2276129032258,104.28707645378377,106.62277148484603,-6.521679956745004,13.79769666118233,12.796526709831411,52.22284598404082,0.4791983494599805,0.3243447949421696,0.29891455187673344,0.7189713480460395,0.48463184375237256,217,213,224
2018,1393,66.33333333333333,62.290618181818196,106.61051914198953,108.41870843012553,-7.7516344751179584,12.472098270020837,14.192087324550203,52.03874852118138,0.4756783337856261,0.4084076662180322,0.34626817442543023,0.7132826440014272,0.5349426174051017,55,50,54
2018,1394,63.19230769230769,66.8928,94.286287992428,110.46537546197872,-18.4402867339591,11.878165083470035,11.98637663715303,49.78677220494604,0.4808185237311297,0.3795789069009816,0.28570793410279877,0.7027332427663704,0.5020636093947063,304,300,312
2018,1395,82.4375,68.07900000000001,121.19284585810715,109.94145230712611,-3.725703896437166,18.555345982884457,16.689485286100584,59.84535285064652,0.5720940545067906,0.35094105386967256,0.3408237441157429,0.7474914819532917,0.5251859359995483,35,19,22
2018,1396,70.96875,64.77899999999998,109.63909967062837,105.65974645561349,-7.567748276153509,13.966937342321469,13.097185911243745,52.80092670268338,0.4957569107405737,0.25957830477572724,0.2731188232261556,0.6774351185595935,0.47783286775316663,84,85,86
2018,1397,74.6969696969697,64.4032,116.28534265836974,99.26561864684166,-2.6848019935867375,16.56165962632519,12.040113998502587,56.35779160154381,0.5121439623476595,0.37595267797666326,0.32802092464529775,0.6861319633636469,0.5045249863917468,11,17,11
2018,1398,62.0,64.45577142857142,96.31727173120605,104.74610057118048,-16.626841764319515,12.328857474196273,12.576251398896906,51.75398762041745,0.49508088948029544,0.3911090276050853,0.2528309330203832,0.7274247082693426,0.47896596533065333,208,216,198
2018,1399,69.7741935483871,68.22689032258066,102.05457904351248,106.27562264887221,-12.313895151107902,13.86416608145417,12.022657906183717,51.73919782197925,0.4918468505648386,0.3848220521464551,0.2809911886646233,0.6979342554005935,0.4843683400636827,178,228,218
2018,1400,71.3030303030303,65.87752727272729,108.09638148118789,102.33966236507095,-6.027289222617513,12.57080197807938,11.370322063713646,52.894630770419894,0.5006305174078857,0.3384383041753094,0.28861868266551666,0.7040516516957619,0.489000108852571,47,29,39
2018,1401,72.875,67.17179999999999,108.19982102819294,103.80606832938147,-8.634372456750214,15.535136597415837,13.466259300766946,52.79046285502092,0.5136470591984768,0.33080238568241527,0.3397449775978451,0.718922695537955,0.5230916505610534,33,27,30
2018,1402,62.29032258064516,61.88593548387098,100.75512723205934,105.47174169235505,-12.269543411888362,14.486689991965713,12.959178828485683,50.99299860640179,0.49050901079261594,0.3703282260728312,0.3190285882969564,0.725653573272623,0.4996299681516046,218,229,228
2018,1403,74.27272727272727,65.43825454545454,113.49557656196107,97.04432144333025,-4.993730588688021,15.294280011340513,11.38046365197653,56.15889680676602,0.5286385405536361,0.41394560778548056,0.3304333409353786,0.7169638096787405,0.517207938643274,18,13,12
2018,1404,62.827586206896555,64.79536551724138,96.64184568868401,114.5683072999853,-17.053843657921124,12.910757480215945,13.509476441055364,50.22814561478349,0.5012965126321943,0.24596764700844173,0.2852539873829497,0.6820750152780144,0.5100273599356693,300,288,293
2018,1405,80.45454545454545,66.41920000000003,121.40499438324235,106.13596380691314,-3.8479567473626695,16.541151248837927,12.343122419300306,60.354131935091075,0.55483864922897,0.37908836648305105,0.2786514741718157,0.7257545156877617,0.5130712543128817,101,117,119
2018,1406,72.16666666666667,66.36863999999998,108.60610706921429,108.60867061950458,-9.709575925350897,12.384050750186155,11.794638747921798,52.82055697500823,0.5165629157052407,0.3625263034006558,0.3395321241820873,0.7351780063104045,0.507919412528668,194,139,160
2018,1407,73.7741935483871,66.6054193548387,110.91554304950316,106.06149007905024,-7.582317309249105,14.077824721008929,11.805436206534777,55.75591543092967,0.5163187885131544,0.34217406371448744,0.267469531155604,0.7125906529602565,0.5211561858049932,183,179,176
2018,1408,73.3225806451613,66.74787096774195,109.44671422359099,109.660449027546,-9.514545576763915,16.297941782658555,13.673936155781,55.31590966996424,0.5136547113572251,0.3495421296918876,0.2760284286733348,0.6991643811934053,0.49515101317034166,182,160,167
2018,1409,71.12903225806451,65.4986322580645,108.57052803088726,107.92346679416036,-9.329635432102744,13.759109564851112,13.249520663138881,53.9884004352437,0.5091706660436596,0.42055008611240224,0.3185482625951963,0.7006542848417443,0.522216764670054,98,101,107
2018,1410,70.66666666666667,72.38208,97.76680353051101,107.64981149414521,-17.199300449310208,13.992515923079594,12.640637729908093,48.28418164225486,0.4460866076060696,0.42303820836312106,0.27911457712666204,0.6932317231240542,0.46662997874404505,244,273,259
2018,1411,75.70588235294117,69.39162352941176,109.36058633842124,112.36158791088444,-13.570038207679085,12.89923878010636,12.048959165709999,54.538033845186476,0.5106972269495353,0.44314985604236495,0.2857806742328751,0.6822930193102684,0.5052077502687428,246,242,249
2018,1412,73.06451612903226,66.29821935483871,110.28847162699896,108.76473892327937,-11.7177424092268,17.446231456621724,14.325753440950745,55.74996366005007,0.5488091480594389,0.29014291623533034,0.3067304058338213,0.7535171167290274,0.5374650987253856,135,119,113
2018,1413,70.0,66.01920000000001,106.08597127768743,102.36632126143257,-7.127800017232348,13.552114995896849,12.559230560320442,55.440657657703476,0.5238400217603429,0.39699909965933394,0.24337611340450346,0.7126738459054173,0.48169375227366584,113,142,128
2018,1414,66.57575757575758,65.23519999999999,102.05819374899997,102.18433470879944,-10.842491248555007,12.800688359241068,11.446762540425679,50.74155448193611,0.4791534534325742,0.28945876104644824,0.3224512680748334,0.7526252417153625,0.5314918373012105,141,153,140
2018,1415,59.93103448275862,65.91360000000002,91.48639759989281,106.61769634096812,-19.927085875426247,13.440828994537712,12.76609076211844,46.47965512443989,0.4520257345395922,0.33213339856821517,0.26619562000007746,0.6850430650672527,0.48274736301290794,275,286,262
2018,1416,61.46875,61.968599999999995,99.55801858628773,99.59324592942816,-11.119815667789597,12.484896923743905,12.111742065114512,50.748039280780056,0.4780297029073653,0.4373963281738607,0.2842624174271194,0.7139697582099391,0.5052140115690016,95,93,109
2018,1417,81.34375,69.5844,116.93393005653225,106.77391851511622,-4.770595242154313,15.314340855663596,13.583211517509607,57.41517805861241,0.5387989743463277,0.36358256152123275,0.28539989342560856,0.7348676089484224,0.5134540973240438,45,44,48
2018,1418,81.41935483870968,68.61832258064517,118.56650482750167,96.91659028845757,-4.844854072757548,17.195269658815064,11.796124029598854,57.5792123565551,0.5315287714904972,0.38965252440270615,0.3535754548626474,0.7196930120146592,0.533632875948413,76,84,66
2018,1419,67.35714285714286,64.25691428571427,104.5048452374396,106.91240249458049,-10.908709734206266,14.75090614296533,14.081212725511689,52.66279472063029,0.49883857107774926,0.2497546547778223,0.250389321848349,0.7176978494722803,0.4743803136205038,202,230,223
2018,1420,71.83870967741936,65.70735483870969,109.14682890083455,102.42844278980189,-10.054451391700422,15.89105598900978,13.528708454777304,54.23678636169756,0.5231383309821125,0.3052747421714696,0.2572022286584803,0.7122884958635037,0.4723611640518418,114,189,184
2018,1421,71.03225806451613,66.26972903225807,107.62779941094911,106.191121414114,-12.056026879233167,16.218823419901895,13.015543812789256,56.93119545899734,0.5501702434609517,0.3284224906990694,0.24565084132451817,0.7373101553369258,0.5062929999809803,163,187,192
2018,1422,73.29032258064517,64.39556129032259,114.1377345825467,91.86070011705513,-0.33094906297900656,14.92308697038353,12.029919381668872,56.2085028546674,0.5233391883285954,0.26947283158544477,0.33975738888888196,0.7670315279171013,0.5258837585834012,65,103,82
2018,1423,74.86666666666666,70.34624000000001,106.06640641882346,120.78887194756099,-17.590013700417778,14.37992495640734,13.782796726434155,50.24793457554579,0.48915771526908,0.31434151281861317,0.3399752927967743,0.7490578128047042,0.47686042402012696,242,223,247
2018,1424,80.21212121212122,71.3344,112.19311168586873,110.61958114469667,-10.526186011415612,15.583681164550711,12.593563680632155,55.60702722916143,0.537461944584224,0.4423488558108096,0.3399465045568207,0.7042715451223752,0.5307308487783599,102,107,106
2018,1425,75.70588235294117,65.75774117647062,115.25321307869173,104.91643821367644,-6.419695083862552,16.544770685269768,14.042738660223629,56.215262043768796,0.5392449610164507,0.30656194807865306,0.2987330125030821,0.7096514863329342,0.5045625429034873,39,35,40
2018,1426,76.51515151515152,70.45585454545453,108.47067452279778,104.60249075318939,-8.07057251611603,15.78918175891924,13.416667340833623,55.15678053146803,0.526487747294956,0.35522198159178386,0.30583846013952176,0.7246307845031775,0.5044878510122138,115,123,131
2018,1427,75.96666666666667,69.5296,109.00216989550614,104.53081647725324,-8.12810230876075,13.789700321361723,12.564171799480727,53.989970516497365,0.5118203474345577,0.30023481846248007,0.2698758163135993,0.7279163257766761,0.4973936866729496,159,185,175
2018,1428,72.43333333333334,64.64384000000001,112.0901674277316,100.45599981029929,-8.583742736974553,16.929202895430468,12.588397869385421,57.53105152789302,0.5420515133445514,0.3593681291111032,0.2393451907110174,0.7146251289525882,0.5002452231907197,69,57,65
2018,1429,73.66666666666667,65.66399999999999,112.50863066491323,107.14381701608689,-6.358813237016741,15.004922839235668,13.685673820647597,57.764498983359616,0.5361384968555445,0.33880232822013256,0.24480533217364217,0.7396390207391162,0.4895077181977744,139,134,136
2018,1430,73.37931034482759,66.5207172413793,110.40055455608072,96.22739623056853,-10.88248571760258,15.858277261457657,13.310153172473823,56.427607472325626,0.5422591215094253,0.403272456042257,0.3071419447901684,0.7255729249646464,0.5294714666410406,118,116,91
2018,1431,64.46666666666667,65.84064,98.25866828021202,109.54248048343659,-15.483922579173292,11.795058095049907,12.129522281389887,50.73661050236647,0.4933453637996191,0.3141657012650674,0.19220369130632906,0.7297208569768805,0.49031707120109463,264,243,243
2018,1433,75.18181818181819,68.69003636363638,109.44818354186313,106.3985341013304,-8.678911404206241,15.733033526220794,13.37151431256774,54.86109307049236,0.5265497706224378,0.28382220468421454,0.28704612849903627,0.7342596168741612,0.503094383589434,145,115,141
2018,1434,70.23333333333333,66.10368,106.33766153536936,104.84235178110127,-8.425691102456902,13.486700858944996,12.53936166387932,55.845516551758216,0.5117660822757926,0.3758116730543384,0.2650798157160376,0.7237932849615302,0.5079804330351009,179,150,151
2018,1435,73.375,63.65820000000001,115.73361800267695,110.42034435078146,-8.248400095298031,13.731453253828352,12.683227310143891,57.14347241804,0.5186305076232957,0.3705780488099827,0.2859653990847353,0.728504394856759,0.48270594211589085,111,78,88
2018,1436,73.42424242424242,61.58196363636364,119.27172855800019,103.32744471484224,-1.9114236848369563,15.354682602395107,12.879010798887752,60.84960559248927,0.5658150440752813,0.44304020465208005,0.2600176005930267,0.7754974645583026,0.5327218219127552,82,83,72
2018,1437,86.70588235294117,67.57665882352939,128.5058195357571,91.15029773019639,-1.4275260696733871,17.120047426520433,14.36699984290698,62.74006372177615,0.5975023110433986,0.29548309492493313,0.2837626792389326,0.7366463464549043,0.5214975986351981,2,1,2
2018,1438,67.48484848484848,57.85367272727274,116.56112235294967,88.16120019618252,-0.51417162616078,16.55913962114538,11.292870857821663,56.31580295963568,0.5312532824056416,0.2584577431873652,0.27378455593462236,0.7473381919369083,0.5162421745389097,1,2,1
2018,1439,77.96875,67.25759999999998,115.16857464612222,104.33763168292992,-8.291388925925421,17.268134417427717,14.166695222114626,58.93761379739367,0.5733988442209694,0.36947908538748503,0.23599427529343642,0.7073223788958738,0.5023506338770654,32,37,32
2018,1440,60.392857142857146,66.59245714285714,90.7470932674006,110.42766875591451,-24.404821937536784,12.74458433271538,11.637639197917384,47.16342952507499,0.45667701015746903,0.2858559336852345,0.2509532792649069,0.703116626486908,0.4766523982704421,324,334,331
2018,1441,63.86666666666667,67.30368000000001,94.99683585341845,116.01373468353876,-23.891514074705068,13.567795988112342,13.070318023725756,48.67424501993318,0.4706800476577334,0.3268262172493251,0.2913124155354623,0.6709626687344669,0.47976588524008446,260,306,302
2018,1442,62.708333333333336,66.7568,94.44909286481568,112.72121558198488,-24.28055761600281,10.93238422145,10.684271772901331,50.60802925273049,0.5033873705585854,0.2925437966022489,0.18380052674348027,0.7315543882825238,0.5034308521948139,274,299,289
2018,1443,75.33333333333333,66.71127272727273,112.65156445418313,108.98158296942601,-8.42407824905013,14.351978268547743,13.027444606274234,56.303417647077666,0.5445355182028195,0.4203010654349689,0.28329195329619156,0.7113754896680088,0.5080667635031818,66,76,60
2018,1444,69.56666666666666,65.97503999999999,105.40297245069658,111.0663227740337,-14.504195787826081,13.31340364130777,12.231128560385644,50.89838617293135,0.49745650655894974,0.35040767574430803,0.2953557632561009,0.7269132813752855,0.4874237936521094,197,178,187
2018,1447,72.5,65.60064000000001,110.91709423762231,99.42518821205084,-7.362968737857591,13.979207404349864,11.697677265881051,53.89814489004979,0.5079714697751666,0.3570602251044853,0.35123812203181204,0.7171532084126209,0.5096338752246485,173,194,171
2018,1448,72.2258064516129,66.39545806451615,109.054288859013,112.56572219207106,-10.17141690186514,14.736319073058246,14.067975722617055,53.94827528790073,0.5076320190375274,0.3345315095135776,0.3045353923542416,0.7240042812546901,0.49396856196526256,142,90,89
2018,1449,72.53125,67.8852,106.83049359393286,104.54425519247039,-9.990269408884712,12.418935763983109,13.334538602911437,54.317579497760825,0.5156680121202576,0.37840178234843963,0.28622411801572734,0.6739624594690181,0.48445707257807463,87,94,98
2018,1450,75.29032258064517,66.64877419354839,113.14902754184017,112.7540182007177,-9.919203811175853,15.703501895711394,14.166445777362366,58.851778345044764,0.5433814509080303,0.24711638269726327,0.24290079203981324,0.6913170255091501,0.4789539120391342,174,172,182
2018,1451,76.82142857142857,66.9545142857143,114.75433717532296,103.85921120363648,-5.748541445095431,14.69927125699948,12.532216452031006,60.877377451043785,0.5627609186034183,0.35483281287177776,0.1940192068162894,0.7389404716366383,0.5014955366813093,153,177,159
2018,1452,79.38235294117646,67.02437647058822,118.67727711278229,99.65364783216036,-4.342135516932037,15.119048227337302,12.306446478146022,54.83587632003995,0.5052171868478113,0.31788230261902367,0.3656829230612415,0.7025549308606328,0.5062307926705234,16,9,13
2018,1453,74.63333333333334,70.60352000000002,105.44622777964068,108.67592659653482,-10.38550560111733,13.747487342408025,12.78123319319714,53.65416711521432,0.4871454452890675,0.3289340700344223,0.2537586146936954,0.6930966806228119,0.48861543365638066,272,250,271
2018,1454,65.64516129032258,64.80557419354838,101.28928170042296,103.06332458549842,-12.636051504482205,14.525348915239782,12.014982184730787,51.86719137078607,0.5153602394592928,0.2876664305176175,0.2449766039911116,0.7649908266305226,0.4934450394367382,210,204,205
2018,1455,82.5625,66.945,123.50551639141777,104.82635583672162,-2.0780147595836196,18.37880402641838,13.147607814095872,59.006391836561676,0.5541221342888641,0.3578735719171122,0.35030753973386575,0.7723329227166299,0.5546852626149812,20,15,20
2018,1456,83.0,68.44336551724138,120.68728349281082,116.15262919008187,-9.966979515748479,17.733880877030774,14.954341386730395,63.508025443297,0.5958876095463607,0.34072023373679416,0.20686938254361772,0.7498921538168567,0.49069168825120374,144,161,172
2018,1457,75.67857142857143,67.94879999999999,111.34920554692417,101.076485741144,-8.40771134606583,14.798651056850932,12.29634404713523,57.89701683212296,0.5481436459256614,0.3636941989905031,0.26562443771155786,0.7291590832001843,0.5188493092954766,180,170,163
2018,1458,65.93939393939394,60.57832727272727,108.93508959262067,104.2220454330965,-10.843020247784517,14.61892529336562,12.535582684961243,53.70879672840179,0.5106261352966787,0.3325803783738259,0.28770188664927404,0.7226990508303531,0.4917256490969273,78,56,74
2018,1459,71.76666666666667,63.759360000000015,112.24706763499786,104.51721021102895,-8.946376522508425,15.839138232742682,14.16467832590488,57.645426849464734,0.5469396044529733,0.29029869896083516,0.24393131978185942,0.7334985381878014,0.5061371013384132,127,158,157
2018,1460,69.625,66.83160000000002,104.03935094285794,99.25925649019932,-6.472117071348177,14.072450691091676,11.831646745720894,52.38391186108397,0.4930454324844098,0.36994431796304494,0.28310254359141557,0.7558468598787843,0.4972577804202809,104,133,135
2018,1461,79.5625,73.40039999999998,108.40352250055216,103.7801106835163,-6.57891774151722,15.630961545498337,13.749377873470355,56.87679657790979,0.5203041725222877,0.4181873762986558,0.19087296121158207,0.7426234113222753,0.4887872407448709,100,122,115
2018,1462,82.6969696969697,69.3434181818182,119.17478506137783,107.46044304605438,-5.384408238422373,16.808587842154267,14.305105114246144,59.821777864722385,0.5605601716561124,0.40745351610096775,0.2982525356622301,0.7777453625570323,0.5391937287282403,12,12,14
2018,1463,72.9,67.14687999999998,108.5644026535928,107.30171065011776,-10.668705312803366,16.59204075935796,13.662831852813579,55.74327128856581,0.5269229408137714,0.31462868611913675,0.2553136094731654,0.7373198850585402,0.48969446667831185,199,173,197
2018,1464,70.43333333333334,69.94048,100.71384117284025,118.73359289164836,-21.58555863891121,13.150901689881042,12.563925175203586,48.74223117384384,0.47714995673825183,0.2852688519089631,0.3449469206873331,0.7069763558083662,0.44634984526175486,326,322,325
