Season,TeamID,Pts,Pos,OffRtg,DefRtg,NetRtg,AstR,TOR,TSP,eFGP,FTAR,ORP,DRP,RP
2018,3101,65.61538461538461,64.04750769230769,101.78611393047221,100.96921776594164,-14.266261812127452,14.204766959593586,12.426302975707728,53.152334210613134,0.49418249960815697,0.3057796987560649,0.37548326871212834,0.6089663416834014,0.5050669902307946
2018,3102,54.4,66.43328,82.09974346930356,92.37208631835246,-14.010763283337525,12.098167508887714,10.8664381872451,42.69212286356306,0.38863243889634536,0.3102088543973919,0.3094386651456385,0.681481196433214,0.4673269988995451
2018,3103,62.37931034482759,71.88744827586207,87.11383573704784,96.26516916996465,-16.000342557619824,12.982667265362375,11.387195319176822,45.82966164007721,0.4305659733497703,0.26720068317334916,0.25861763692944556,0.6757013652123492,0.4992646853724241
2018,3104,67.8,67.32288,100.53843521555537,95.6490785954172,-7.6732736158016275,12.197078804058583,11.398319511528648,49.53515191062004,0.43926714011291695,0.38509576715212607,0.36879239137217346,0.6893643795002642,0.515007287042061
2018,3105,55.44827586206897,68.09644137931032,81.64409968428603,90.11309642332829,-15.022496151903221,12.686574347134162,11.114225220525338,41.06129834446745,0.38992665808852656,0.22293414449696614,0.35641722367300277,0.7005792100304117,0.4941639900960294
2018,3106,49.58620689655172,66.63459310344828,75.64758600968256,104.16934466994037,-33.46153068300427,10.581936974759007,9.529364872585022,40.1275422153682,0.3914010406275788,0.40771807421471484,0.35418459104881267,0.6347627950349696,0.512875424377582
2018,3107,68.25806451612904,69.15220645161291,98.905738484325,85.7053550258421,-3.517644261463724,14.660938552464971,12.746334704247003,49.24129869283258,0.45321673757477227,0.2976501567877638,0.39506897336948316,0.664501099509431,0.5172906436974383
2018,3108,66.62962962962963,73.41226666666665,91.02548562122239,96.93053575722823,-11.902527765762764,11.132492910393955,11.059025940179207,46.986058324607576,0.4180729616458834,0.3000148641135588,0.32913042768630446,0.6184603383830295,0.4352602957240585
2018,3110,62.78125,65.00880000000001,96.47689376252012,85.185217123506,-6.733496348724843,15.731926957710414,10.86010577749092,49.07762089685878,0.4565892331060666,0.31255919739782534,0.2566596471057163,0.6690813532244696,0.4757844670173244
2018,3111,53.354838709677416,66.02322580645162,80.73406840970864,99.76769005054841,-23.859135554329466,11.872323021468048,11.337189786017033,42.42194209629107,0.4191535303140593,0.31753167411148187,0.3663572191744115,0.6730606604883727,0.5207893780230001
2018,3112,53.0,63.91999999999997,82.18044011777646,110.16296991938424,-33.186503137686486,11.409180464437954,10.723099283545606,42.02204194219027,0.4164729821057448,0.24936523644674227,0.26414988815854984,0.6293736764907644,0.4753945420771144
2018,3113,67.81818181818181,62.324945454545436,108.4612076776933,91.99731631958443,-6.170807512547881,16.812735203237008,12.144612363550278,51.554590431668146,0.4836822358304418,0.26142920074720455,0.36550674651082904,0.7480087389070089,0.5349789186038162
2018,3114,58.625,61.23180000000001,95.67608586835301,85.10643775210185,-8.464197390115304,15.112697129329042,10.02545511351688,48.31662259755365,0.46051104726536435,0.26001499211506546,0.34777613525893897,0.6962064393721006,0.5171894968294434
2018,3115,49.7037037037037,69.11146666666666,71.91291427691498,101.0866162231289,-30.21006898637829,11.023128852741372,10.608922898076706,39.34173211913781,0.38142254191029756,0.4099539067606165,0.326302381541653,0.6488406479253546,0.512731389449015
2018,3116,66.51612903225806,70.13140645161289,94.9171104969121,101.00719221547325,-18.39530716613402,12.274507719548287,11.460280950193699,44.94088117145597,0.42369304886492387,0.24252175072077195,0.2898982100617718,0.6528086144646914,0.4737041610576508
2018,3117,63.8,69.46112000000001,91.96916322554917,100.21656986444559,-16.296644937353083,11.771014183547184,10.967005999194104,46.38073513455012,0.43672851107961697,0.3377912484699793,0.34680977117097406,0.6300298637597493,0.48729921026416767
2018,3119,58.13333333333333,65.42336000000002,89.08827781392256,89.62790196443834,-11.463874695551299,12.525261382747471,10.572493832676484,43.43797561302267,0.40379860043271143,0.3225929613238173,0.3778536680817171,0.7161117930058051,0.5043241764541829
2018,3120,60.357142857142854,66.16251428571428,91.34122284479338,94.27629259373882,-10.775345918730165,11.379344925520499,11.10607179833072,45.46439045202828,0.4325620569087261,0.2732198233376439,0.3710029465292491,0.6310016013902278,0.46859642070351776
2018,3122,62.107142857142854,65.56045714285715,94.88362706707478,98.2090668570528,-12.716186171603342,11.887952584206502,11.856583684208319,48.74344083877832,0.43700875319126364,0.33899987065626325,0.30952306414955466,0.6819894682464395,0.4941205357777398
2018,3123,78.55172413793103,73.99878620689655,106.14357534489882,87.35603808313326,-3.1176037135854195,16.64019093461509,12.60526454638291,53.107825934133864,0.5088308070913864,0.3404461982217592,0.32299922445953244,0.6966481846177913,0.5119286829220434
2018,3124,86.28125,69.71939999999998,123.77567401823067,84.95090875616586,-1.098186674163621,18.6506165166637,10.077722501611122,57.928353902515674,0.5494025884911449,0.30573398231874627,0.42791358788021033,0.7663202276213629,0.6141090680545521
2018,3125,77.78787878787878,64.70341818181818,120.20641749358178,78.17347632636633,-2.1561618734902366,18.522250838907045,11.374026641966152,57.74220607482279,0.5464873433569649,0.28600785544812,0.36297404543591766,0.7284849096438694,0.5637716172478145
2018,3126,62.464285714285715,66.90171428571429,93.62433743111295,74.9168576048061,-4.352417657516366,14.52611080185718,10.96121727169779,48.269815162255384,0.45146883139257443,0.3578271443030136,0.3262471756921996,0.684122331688061,0.5150287414991832
2018,3127,62.44827586206897,67.01726896551725,93.34208626159042,83.98071044966542,-5.6902721413059325,12.055094115580085,11.945925747933646,47.37583841676762,0.43552037695531065,0.28376398316582885,0.29907391244100445,0.6791466999007393,0.5073963065618521
2018,3129,68.43333333333334,65.46304,104.24576060083822,87.92963108949002,-4.270455673234362,15.44183053242234,11.571831764870247,53.096972438130045,0.49474331363099266,0.2500108200287262,0.3670247140032877,0.6866659743979793,0.5333719369787767
2018,3130,58.233333333333334,66.17472,87.85986578933624,101.85724686205073,-19.948762283256503,13.692739686680628,12.540930164565829,49.37134955252782,0.45827503319340723,0.2698663581406423,0.22826424836136738,0.6634438459087625,0.5065875648219215
2018,3131,53.51724137931034,65.21313103448276,81.67993073135514,96.83906069496213,-18.58353752635265,13.009491970152792,12.230329929013402,43.891592364578464,0.44336970967321016,0.3632372127972522,0.34357099249836387,0.658660813704661,0.5054738280401831
2018,3132,62.03448275862069,67.82499310344828,91.77593247040338,103.60710297460221,-18.767667001101398,9.900814890273477,10.134234052265198,46.76356843274896,0.4340987802176106,0.2940728828479841,0.2968910632844571,0.7010381814609719,0.4862415466716447
2018,3133,64.2,66.63232,95.90613577571379,94.26572446739647,-11.570461696857357,14.623427386278989,11.730920207285786,47.875433793942,0.449639738179365,0.2988806003711657,0.30336431273308134,0.7205502157790911,0.5134119393830816
2018,3135,72.65384615384616,72.53095384615384,99.83774897375393,99.17490359200302,-11.931498664914837,14.042072837032423,12.540369109482613,49.81497553265224,0.47681587804929515,0.24021475945547713,0.2770120877240449,0.6686236562329946,0.5068286520960613
2018,3136,55.93333333333333,69.8752,80.30768737298506,98.11686699953408,-20.89035061931668,11.930304106917058,11.602047679522686,41.94464551500667,0.41281729775532106,0.37025301988923165,0.3478027442538097,0.6916492255006942,0.5202632099261967
2018,3137,62.83870967741935,65.46952258064516,96.15430933501653,84.4539136898766,-5.742712347866962,13.242860956084545,11.832430841127795,50.94798503666931,0.4669745006070723,0.3575467063991282,0.34521714013075655,0.7307678714755481,0.5442658453589005
2018,3138,77.40625,73.92600000000002,105.16939493836165,83.93081260340267,-2.142284671030831,16.734928196581865,12.153837533630943,51.40363654931798,0.48074844639519443,0.29248023660567785,0.36096803945936856,0.6863894535578526,0.5248829150895348
2018,3139,60.65625,66.03779999999999,91.93827392300422,100.86952641840536,-16.461228015520494,14.04424393106111,12.675170107818257,47.53788429805723,0.46414286329712945,0.2855181743449971,0.3258193344574445,0.7052232037786936,0.5238060266126054
2018,3140,65.23333333333333,68.02752000000001,96.26013496598934,90.53115432029878,-8.376500322587946,15.126036122195123,12.991712809825168,49.76219853851475,0.4716852134134794,0.3257904660474866,0.2966961812675175,0.660292516761494,0.49841113848309065
2018,3141,82.0,69.12619354838709,118.66804513792081,97.7343584038607,-1.60300387042851,15.504092330488604,13.785264608487065,58.61831807178931,0.5449322697384675,0.3092363255955938,0.3641484908840854,0.7085729802673946,0.5455126119001134
2018,3142,68.82142857142857,72.81257142857143,94.83564548811691,101.43335741820565,-13.058841232648385,12.219363035221308,12.649170972920968,46.53563124668421,0.4379809601348525,0.3075303635051769,0.3413009607130705,0.6830150914271844,0.47649602013650455
2018,3143,67.3225806451613,65.39334193548386,102.54780613938371,101.94621866378394,-11.562291443156369,16.217810713601395,13.843167291290325,51.14267805995054,0.4980316417532889,0.26786712762038606,0.3683717461843445,0.6846561196059869,0.5402891546503201
2018,3144,55.107142857142854,59.44662857142856,92.91170199349565,84.3857134760623,-5.991665043567127,13.36790314310518,11.136975457812254,48.23293082274318,0.43243610600591326,0.29203771799164296,0.3140854053101146,0.6995289256051223,0.5384764928090703
2018,3145,52.53333333333333,65.82399999999998,79.88343514377628,93.84172113207872,-20.919021993391983,14.215287732782693,12.180656640908108,42.78420258085445,0.41688790177416174,0.2968091386533092,0.2580367866238362,0.6685650321077141,0.49708259910025454
2018,3146,58.48148148148148,58.54791111111111,100.09894651118077,90.53224562971484,-9.697944962716154,13.863092075908737,11.11421693704083,49.50520563967622,0.46035525874211064,0.32021261485979563,0.37005530432668343,0.6888890891328378,0.5226980010863411
2018,3148,61.46666666666667,68.41024000000002,89.97315419862383,100.97543629239492,-16.76107052158003,12.84141993090714,12.048788059707203,48.16565910214126,0.42299375105878806,0.27834716190725606,0.2921581051175259,0.6426583505982659,0.49751946116736145
2018,3149,57.92857142857143,67.19245714285715,85.9622297931082,98.22719121648535,-18.87247028687133,10.273479706760194,9.654921629794249,44.97190331271744,0.42381240282430893,0.3014862315492929,0.2965780559915527,0.6407665057546813,0.49487166993452675
2018,3150,62.2,65.31008,95.37149039685006,103.61321022409643,-13.111660328948773,13.714294806541279,12.469633819678696,47.88888892499322,0.4608144711336248,0.407113531808001,0.3520732579595379,0.6642447284565391,0.5111351696436631
2018,3151,60.13793103448276,60.80971034482757,98.75031546301409,88.77373270737401,-5.419687488484842,13.11735577098689,11.449689512139967,51.393929625499034,0.47281088031635565,0.24377310035907646,0.28353052548816854,0.6824625757758376,0.5080277385406513
2018,3152,46.9,65.51423999999999,71.61407676897417,111.25372786874566,-40.89350912446282,12.86753760751573,12.756313251746917,41.188556264683726,0.4069087354866927,0.27343578713720795,0.2745955632230728,0.6147718278528601,0.5019997430208344
2018,3153,61.766666666666666,67.48736,91.26201167257231,90.01680503032806,-16.419430670882427,14.914372363887999,11.819978585239328,46.70112007383224,0.459163880827,0.2801297357872657,0.31874518656701095,0.7173420883838109,0.525421576722357
2018,3155,46.63333333333333,64.3616,72.476816873193,94.17873710865857,-27.352641728224476,9.117658841465781,8.3542286197283,37.45362569662907,0.3623648586428291,0.31094942739027964,0.31229859796563963,0.6298288458121288,0.48059520308050924
2018,3156,65.46666666666667,66.91071999999998,97.92701867277688,97.40327242766772,-11.829231141402948,12.756536049675136,11.610512333446819,50.66873049508908,0.479727485248054,0.3471270992047503,0.28929853705254754,0.6404910208840552,0.47072088517594696
2018,3157,61.0,66.14863448275861,91.79256760915736,95.5986454772879,-10.064088951783882,12.234269530260994,11.67921843110718,47.41196842209883,0.45454472700036713,0.35015812725091444,0.3861662439660343,0.6832074663000204,0.5199335846730202
2018,3158,55.54838709677419,68.03550967741934,81.25254389288298,106.30383010783449,-28.597829807113627,13.452683488112196,12.785084695303656,42.589055622564025,0.41522223915984485,0.24169707437617519,0.30458597461299647,0.6062529706567859,0.4822713872775623
2018,3159,51.266666666666666,65.98272,77.75967141016308,101.6919773846591,-27.14347905285754,12.116928774892637,11.791469317412032,42.87603537227654,0.42919576628746847,0.31356517191969685,0.271105680651769,0.6514532282406794,0.5223641828768515
2018,3160,67.13333333333334,69.21536,96.7745625192574,101.26853123826427,-14.42733184619522,13.07129587490936,12.346499376393268,48.16468898220324,0.45662099515034255,0.27678731360801695,0.350138238397807,0.6685036325922203,0.5097168690809509
2018,3161,60.46666666666667,64.01856000000001,94.3667408755763,87.0187733299707,-7.0173734013679825,12.65696228325533,11.045694770602006,48.426153671169224,0.45920063499098196,0.21370413240706282,0.23386468141854458,0.7178550543500056,0.5136426721822763
2018,3162,60.827586206896555,66.96893793103447,90.19815055627227,103.86403462444746,-21.359322140915886,12.68383578990173,11.661215610683907,47.24609600947242,0.4452419440977046,0.22596648650784174,0.2563039176471481,0.6634509397163055,0.5064793352832209
2018,3163,88.8125,69.4002,127.76593500881754,67.88670986398465,0.0,20.94093066185918,10.908963490089139,61.922423378405384,0.5923137877494715,0.24163813525906622,0.3727181799726663,0.7234743375920163,0.5699334572954698
2018,3164,52.10344827586207,68.12226206896551,76.36834401979414,104.43306478347,-30.557539461330148,10.473803997160603,9.825643610638869,40.325726251789824,0.37446517850022976,0.3554976130876518,0.33660445048491894,0.5895829237628808,0.49502190800530754
2018,3165,52.925925925925924,64.44444444444446,81.82504893151419,98.39744336004838,-21.014113457568378,13.063149910773445,12.037962867896967,41.942911856938835,0.39976697787463195,0.2883043598038176,0.35846125392004374,0.6705864675660349,0.45543223003884464
2018,3166,71.7,64.45567999999999,111.12390636598667,94.66860343349153,-2.418649182933874,17.90596654087907,15.255115208766117,55.959469925426944,0.5095863406904275,0.24868933141920502,0.2637217575864954,0.7110051084911334,0.5199196289491331
2018,3167,58.44827586206897,62.803200000000004,93.18305650959337,85.96150367934919,-7.6456386334667865,11.747972542932665,10.405312938264819,44.76033467162244,0.4170066651730448,0.28743489841412156,0.3746995482769067,0.6607562375367008,0.49420664049077173
2018,3168,58.785714285714285,66.00342857142859,89.30349620324662,98.41249178354163,-15.511025333608945,13.105424424228405,12.977694334976816,47.688463258634776,0.4275972798426614,0.38907179009958437,0.30368057644063046,0.6907521724236585,0.5033489373931029
2018,3169,61.42424242424242,66.47796363636363,92.36812428593483,97.34764073853152,-12.154668457624792,15.737253745726974,14.399504393448463,46.191927300256836,0.44302038712700137,0.34336972691191897,0.3837082912039444,0.7282390302845221,0.5223862230508804
2018,3170,71.44827586206897,72.49787586206897,99.15245479455517,113.29156407789269,-19.57538560803815,12.34289691201187,11.968187793815265,47.52173130259054,0.4420674876623387,0.23024749173213743,0.30159221064924896,0.6392549174284196,0.44568251552776805
2018,3171,64.51851851851852,66.65671111111111,96.9171333650553,93.85275533603352,-11.942341298990199,15.33904927840342,13.118083819337745,52.33451365336794,0.5019519040825116,0.16035233611788302,0.2816283850174117,0.6636760271369988,0.505898864387713
2018,3172,61.3,69.10784,88.37797927495305,94.88088130310399,-12.791078344627014,13.335347640956645,12.750292769131814,43.971147080139104,0.409584845845628,0.27834834375918793,0.335802696716175,0.6831017536961231,0.4867802938904182
2018,3173,73.55172413793103,67.76871724137932,108.22290351845582,85.2229745459939,-3.1815727672457452,14.428906727515315,12.17554092592608,53.25143926816,0.4929163854701044,0.32449334022462123,0.3206425484060192,0.7277732917427816,0.5368324570709284
2018,3174,64.12903225806451,68.78988387096776,93.0298049386629,88.3648843102581,-9.463049019276221,13.527497544772967,11.157562220894768,46.6850059464382,0.4382743163284886,0.3339816584171043,0.33249306811143625,0.7155973509888369,0.5218926802655396
2018,3175,52.6,70.79936,74.54928860007782,104.82251761140073,-33.0321744311945,9.82739872561769,9.791189450816024,37.520170385117375,0.3827563873802753,0.24737648204337456,0.32044051868806694,0.5800711184065529,0.4834965727598651
2018,3176,69.82758620689656,69.53710344827586,100.5656143296217,97.63128120660247,-11.292686181833593,13.98448736869047,12.27318631921815,48.94350298291449,0.45227229530100077,0.26677001648175636,0.3459104885179446,0.712875193689816,0.5038397501439317
2018,3177,84.51515151515152,72.60218181818185,116.36812508132451,80.32533873558522,-1.6556922717684883,18.59960267413195,13.532437601518842,56.7729831802091,0.5300443761440267,0.21593482820808346,0.32664704186253757,0.7140624956694436,0.5090346175216287
2018,3178,59.6,70.51584000000001,84.19538439868468,112.59164665092074,-29.51120762687314,11.892363792061614,11.785558836310424,47.073516128112686,0.42518010816825275,0.3451200392733303,0.20446753371531814,0.6101021937749281,0.5072503495894212
2018,3179,80.625,69.4578,116.5651759147247,91.42219913066441,-5.91303333461355,21.06116112260394,14.454830005662032,59.58805951351184,0.5706623701567668,0.2887116241087782,0.3502830628324812,0.681168729356748,0.5450954998530617
2018,3180,63.60606060606061,63.67243636363638,100.11656531136529,81.92922081119282,-4.766032200368268,16.361080587428276,12.78139663923508,48.72881735802161,0.4502885245644279,0.25384507888870583,0.31532506318260395,0.6999464005276091,0.4989861044205301
2018,3181,67.73333333333333,64.37311999999997,105.14473111766438,87.25765434632771,-6.016111684346049,15.98368160284432,13.069599641102453,53.414279973676166,0.5163844871838231,0.2921214375112136,0.36608144291243305,0.6825179481141667,0.5341835316704934
2018,3182,71.06666666666666,66.23744,107.31241035868136,89.51421757341727,-4.054508830256671,16.119363188646783,13.979793269730651,53.97726886888501,0.4988226270398559,0.28680373459648373,0.3310801614929314,0.692087311653909,0.5242428289946135
2018,3183,60.0,67.42775172413793,89.04575666104968,105.56815905259626,-20.03271048353986,13.456778579715722,12.817351804955594,46.68591085759475,0.42897367018340227,0.23067038082018856,0.27283646799366257,0.6129754055347049,0.47862380480967126
2018,3184,54.23076923076923,63.36738461538461,85.78857941907714,104.42645451968218,-20.450096528070848,11.992234301242641,11.19696004048686,43.41073889900535,0.4209555109098412,0.24822782325307202,0.3633293265675936,0.6828959511990491,0.49875437936208683
2018,3185,67.13333333333334,71.27167999999999,94.1975449132726,102.76839657676169,-13.795477088827848,10.517677791556842,10.741423632003933,46.13468590020962,0.4485279882269352,0.2762366463903666,0.34374954904546484,0.6614359546702329,0.4678998869603711
2018,3186,65.93333333333334,67.24096,98.05381913403116,100.32710108991147,-11.424535476004836,13.544647184217736,12.312623684267944,49.60539473929634,0.46841334863209094,0.26931349537945404,0.3371831332096608,0.6501740981720533,0.48235911733239656
2018,3187,62.516129032258064,73.94972903225806,83.89090969126435,89.4258382831514,-16.469583363555344,12.962201998840149,11.199827739213779,41.44815070962949,0.40501093944859307,0.2961967945357154,0.3443971073851448,0.6504843651791381,0.46851650434113756
2018,3188,61.774193548387096,66.97950967741933,92.3039041948995,96.23080249651437,-13.8628217368915,14.322871328952774,11.953056070286875,47.02569094561759,0.4432076287148818,0.4020064277138366,0.33489357329325614,0.702092531921084,0.4994594095548821
2018,3189,70.12903225806451,69.95922580645161,100.14444263516326,81.43726487995755,-4.129455411273124,15.308120959505725,10.566067668138441,51.876476777467026,0.4897649252660031,0.3702891549176322,0.35137321089515466,0.716689078230084,0.5353256496701536
2018,3190,65.83870967741936,69.83473548387097,94.41459504335698,91.89586907193993,-9.81916108388273,11.318650742506655,10.97486120613719,45.833442094353266,0.4245838947025119,0.3124911733192354,0.35572883367558406,0.6718939033707312,0.49947286051548384
2018,3191,54.607142857142854,66.67542857142857,81.56797702928849,123.09207650748114,-42.02119168760449,11.835415529757002,11.48736807761642,46.50289342410155,0.438658986984517,0.26489830933168534,0.18868804626038566,0.5884425192106745,0.5338408718496807
2018,3192,57.275862068965516,67.07884137931035,85.42542952140303,93.4344972761167,-17.600885431115632,13.085310766299173,11.932775912338013,45.942057879134474,0.45099726740486923,0.31596842914119927,0.32059600201244537,0.6589352268674677,0.5107423166905039
2018,3193,55.266666666666666,62.27456,88.97660708797353,93.39282275067937,-14.175210727840097,14.983726099996558,12.929488829141274,44.589975673452024,0.42134083760077573,0.23967206784933998,0.28233506246260465,0.702021674526238,0.4708576167232729
2018,3194,68.25,71.71885714285713,94.9122166218816,95.5962327547539,-12.191494993545604,12.399483486202755,10.929995742382477,47.15396519215238,0.4398588354760851,0.31266434501229984,0.316609779033064,0.7102619346969375,0.5005293953984692
2018,3195,77.83870967741936,66.8853677419355,116.39463288656471,70.91315339012726,-2.5211697658429384,16.63494637433478,11.335467527526262,56.79010998738514,0.5394091319805354,0.27231513043826755,0.3086544030637864,0.7202346042891501,0.510923055493983
2018,3196,66.26666666666667,66.40768,99.68725292760956,98.80543192825547,-13.340404580568702,14.59077058138539,12.039338087964634,50.34358620700699,0.4730736427233458,0.21606796421029065,0.35704257903880754,0.6905038290262422,0.5340997151424818
2018,3197,55.16129032258065,69.84216774193548,78.52454630324648,96.61263125639718,-22.677250464140613,10.985921147393519,10.481084811118642,38.44143427922566,0.3723318368748938,0.30340565798407654,0.35777396538812517,0.6156484875975992,0.46390942134698
2018,3198,62.48275862068966,69.42256551724135,90.00461211688847,103.526336245247,-17.658408848617015,12.686995550673087,11.889909473525865,47.26494905402456,0.43565445416853743,0.3104835814459653,0.2588197603030791,0.6602614729273912,0.5019902665867002
2018,3199,81.35483870967742,69.1664516129032,117.29159307100724,90.88571999831392,-3.6261732216093443,14.769049395080655,12.628068884984273,54.82139468968254,0.5110545052751327,0.293558652067509,0.4066172690080792,0.7216721735743428,0.5603505440372518
2018,3200,61.0,61.49821935483869,99.23735905331063,86.14850216034455,-4.429735364545174,12.917273349504827,12.127585770768144,49.068373998919405,0.44540335156129784,0.2810934739891007,0.35433468260227846,0.762480097728928,0.5378457168162716
2018,3201,66.66666666666667,66.91072,99.5974568463325,97.61887076870882,-8.411367375223756,14.633558185603958,13.451331074898201,51.12310798307596,0.4629439413681894,0.265445028115666,0.25197048769482405,0.6599603166419665,0.48701102763585946
2018,3202,58.48148148148148,63.52426666666665,92.37577220653756,100.55807276186836,-15.71217025617567,13.312032932315367,11.751193752923868,47.86693340652286,0.4568300380990345,0.357305280789846,0.3351501468874333,0.6889672514776118,0.5216702880623123
2018,3203,59.15625,61.1868,96.84088524534454,89.48912635194081,-8.640495840585661,14.94287893979162,12.721733549299865,47.514734373745654,0.43951211200935564,0.2550100812160894,0.26550535649327717,0.6673442158550768,0.47193852091497385
2018,3204,54.714285714285715,67.15748571428571,81.49048867927637,105.57798212739603,-26.714848154570955,11.537916947684126,10.994691080590087,41.49545054144266,0.37924265545172153,0.2628961364482684,0.30248695115859103,0.5884154887519967,0.46536267820184085
2018,3205,57.793103448275865,63.07994482758621,91.26985036657535,94.0613465258952,-15.189638478463767,11.401719297700772,9.517095519367802,44.32484551809055,0.42547692352933714,0.29437117346193564,0.2907106599357565,0.6650654498616884,0.48741558188015555
2018,3206,68.90625,67.638,101.92227986005273,91.54945211308437,-3.8563760223695986,14.335454968534135,13.325460329131259,49.33066998749283,0.45350184609762323,0.3557766199273173,0.4150857194727395,0.7253954200200994,0.5626642019373994
2018,3207,60.266666666666666,65.05216,92.06376078606968,96.45672859057846,-15.524639388637434,13.031117730852964,11.760987984995426,43.149404913831944,0.4234000594627137,0.25323046409871286,0.331930428027398,0.7015728963142014,0.47005548420391885
2018,3208,66.83870967741936,68.37925161290322,97.74973336062978,80.80399825078838,-6.889670000508178,15.785409479825326,10.846799527745224,48.05530269875584,0.45740985586291993,0.25932765837873584,0.345336684506824,0.67592024601429,0.5162968053682023
2018,3209,56.5,66.67954285714286,84.89623273828111,108.97562420404576,-25.740398540753215,11.522242158794318,11.52883717068983,44.355130355534975,0.42013364609704296,0.3631604192056082,0.3476553900332164,0.5966468414950512,0.5136741130969146
2018,3210,64.87096774193549,67.58276129032258,95.86308608109113,86.15770568379457,-8.853444493213885,13.052987113063388,10.125424940664551,46.32888068781255,0.4359599830397866,0.34463808198203205,0.41079764520334094,0.6894421080350143,0.5038578665400171
2018,3211,70.59375,66.2574,106.19181559004831,87.28543698559824,-5.641833176116991,14.646066807670245,11.654686070868602,50.835622508705534,0.47779694100575654,0.32621294639896026,0.38594693589608403,0.6690107426886004,0.5280123359796852
2018,3212,65.65625,71.6094,91.81977945590779,92.71561309247313,-10.822086589495527,12.910965742855264,11.340128963313346,47.220747390334466,0.4411479047460658,0.3271370791498697,0.3022547603572696,0.6016544735161374,0.4759181430627766
2018,3213,64.89285714285714,63.28937142857142,102.31511970165946,92.90520727527527,-6.359613554729975,14.206612011360047,12.008360678063132,53.35057658000158,0.4840603667062145,0.27044459887730316,0.20236045050615514,0.6615757432291881,0.470811598412829
2018,3214,62.6875,69.15660000000001,90.74159184760529,87.81308165644117,-9.977161649827119,13.54596772093165,11.933829063368034,44.92989153421304,0.4194098470416125,0.3388731669667953,0.3163863572446521,0.6458833900469259,0.46264716738491785
2018,3216,63.03125,66.7344,94.06220053561813,88.3793121709637,-10.225364024718333,14.304461014097006,13.303992097316462,47.513043429023014,0.4485392964564606,0.2781043681922893,0.3114632403230126,0.6371021010714762,0.4818498613909787
2018,3217,67.89285714285714,65.56662857142855,103.38369107512776,95.65568524010276,-9.476308086433118,15.462194796733323,13.149196454971896,50.921355668788806,0.491168022280119,0.22890743162316188,0.37834011825051767,0.6846576104336705,0.5253918652184398
2018,3218,62.03448275862069,65.82819310344829,94.13473370332626,103.43827322555839,-15.017701780373898,13.15684940059737,11.526590790734122,48.200431216833266,0.44491982300568095,0.35180384673963433,0.2945419759709983,0.6815715015414839,0.4817870912164607
2018,3219,60.41379310344828,66.2055724137931,90.84980472226756,91.62926017265144,-13.0608907626594,13.053683076248085,11.822341857506066,46.16543893799991,0.43254173512186705,0.28210292803886455,0.2966279864322179,0.664224878557183,0.4811691683224155
2018,3220,60.43333333333333,66.27647999999999,91.04966899881121,94.77498790074453,-11.32169104610954,14.461433065734886,12.997027114403267,48.02658366814031,0.4545599530050076,0.26751561654604905,0.2883142888461821,0.6544030383824649,0.5026343449221525
2018,3221,64.0,67.46136774193549,94.90966300745507,92.51845048927868,-7.577217306366833,12.786838608199487,12.072469682417353,48.67833127380896,0.443559580019795,0.2996445752062574,0.28661210243530133,0.6768590444025829,0.4884758813575099
2018,3222,75.06451612903226,75.16304516129031,99.89995080744,87.19863946343618,-6.014418723773751,13.474027526320521,11.916678776416823,51.389301286088994,0.47476327150724956,0.31516314709325177,0.30672203618434934,0.6396302308866275,0.4706641413653849
2018,3223,54.25,71.396,76.50186409244635,100.06410397678786,-24.391784839680287,10.97262651368048,10.372128715722239,41.65945057104771,0.40848932482381234,0.34693130670821665,0.31588293678166895,0.6704930833840472,0.5178856368506094
2018,3224,62.166666666666664,74.92992000000001,83.00799246299093,94.81466049792809,-19.32652575374885,11.944149050856678,10.335886682732944,43.93089784940344,0.4181097839383613,0.39821803057378385,0.3439778702667752,0.6231035276497913,0.5181447353245275
2018,3225,73.48387096774194,67.44526451612903,109.1814777059595,102.98491537663553,-12.030945577436379,15.717976531428244,12.772260314757682,54.41212312293442,0.5197998847511957,0.24304351259471257,0.29600252853367015,0.7149321385122898,0.5152014616323882
2018,3226,68.23333333333333,67.72480000000002,100.50078720001247,92.95483052139704,-7.102813141483955,15.169846754594552,10.931544714543621,53.39863778441892,0.5086137088601052,0.3182189598524906,0.28420188879757446,0.7290395752967264,0.5175998325286761
2018,3227,53.42857142857143,67.31382857142856,79.77742163491618,98.44820162460607,-23.542024693631834,12.641793724939474,12.479516054595498,40.79620590897649,0.3964291815955159,0.2520927004160026,0.3588712849098119,0.6500758757547909,0.47091746908349663
2018,3228,57.29032258064516,66.44314838709677,86.4957400110814,108.40014053678827,-26.895613723128807,11.136412995141493,11.087837106168307,42.726749529057095,0.42200983348626175,0.21628627343167703,0.3208353439302137,0.639850528631799,0.4864352247338727
2018,3229,51.666666666666664,61.62496,83.8775034114673,91.6430270136177,-14.177345170018743,11.824158068943582,11.012931171714794,44.010329804947204,0.40204307122452065,0.387486988221142,0.32841894351487927,0.7173777792498125,0.5167659539891067
2018,3230,47.25,66.30925714285715,71.31668112656307,101.39173244862347,-32.232240111089254,9.948056357810769,10.221267191788574,38.03266250012519,0.3673410817102262,0.3295068945157923,0.31650046905443807,0.6336353762970546,0.4723111959386098
2018,3231,70.6774193548387,67.49543225806453,104.67248144258514,98.66952373727618,-5.637808156548086,14.334012758160013,12.885099707371,54.42245548956426,0.4966220700357825,0.3346728047698355,0.29765100740629136,0.6805926170505939,0.5009271081122785
2018,3232,57.793103448275865,66.62466206896552,86.78130212644432,92.78440312031816,-14.206472632408685,12.405330172480523,10.6904309613087,44.17841455610781,0.4093584875383036,0.259283692193846,0.2644140360897601,0.6660490216012243,0.4585792159973489
2018,3233,50.3,63.322879999999984,80.02182558096766,103.94925985735048,-26.133104049321744,13.03303297800767,12.796447714796809,42.63768327922427,0.41405592039623607,0.2149329056046216,0.3078234838282386,0.6581759800928808,0.4841380398931355
2018,3234,76.96774193548387,71.00345806451614,108.54278803155385,97.36728624410884,-5.098104556142166,20.217695740603705,12.884395557928716,56.314528462761366,0.5372890874048117,0.31842987173688386,0.33723567454262265,0.6932232535793047,0.5501927860557463
2018,3235,67.35483870967742,67.2836129032258,100.16462425284246,95.10719824406544,-10.689788315053857,13.550762664369422,12.06727409679185,49.96153286320138,0.45854989724435247,0.2616135789958356,0.27697656759728645,0.7146994592029732,0.48295242880463146
2018,3236,54.04,62.862336000000006,85.74431745987457,118.64134561678222,-36.28803563667269,10.33841306045881,10.55206595966016,45.8509678087519,0.4216993441465899,0.2770948635007597,0.3196964073317579,0.6576183585775256,0.4793100816190673
2018,3237,68.13333333333334,64.12416,106.0638509919787,87.56960351574357,-5.72996716788004,13.776292193750898,10.767543091309564,54.200585289867924,0.5082569187734286,0.33401134548479233,0.3665857122264941,0.7065731999348196,0.5400394955816143
2018,3238,68.20833333333333,76.94959999999999,88.65714493389494,87.9272069411952,-8.182216184378973,12.113376546030395,10.821616900204317,43.18689928472069,0.4061365267401453,0.3247523677275309,0.41112225023808796,0.6451280346987187,0.49291198992428353
2018,3239,67.55172413793103,66.54521379310341,101.46090249454497,87.80849482461203,-5.780180383159923,12.872846930659609,10.298822084735335,48.56948563472913,0.44968675193584623,0.31699365674113855,0.4324029690863369,0.6797944671070352,0.5465709769368426
2018,3240,59.06896551724138,65.84408275862069,89.65354654837634,83.75494962249321,-8.234428369752177,12.554617980835651,10.306872638168283,44.46534691322044,0.41167088345118436,0.2913549199934685,0.3319367279114381,0.7043806202874711,0.49221205807156276
2018,3241,63.29032258064516,66.9696,94.76572524587961,86.13346611231239,-8.379394154720242,12.784713583059158,11.276965504569011,46.205290272898665,0.4326749079980569,0.30224671028835737,0.36879837013849764,0.6897719638227943,0.5069513868608806
2018,3242,60.233333333333334,66.57536,90.76499386055117,102.40717167823836,-19.457537081587642,12.219328584031981,11.070593905599322,45.69325563484316,0.43316872118037497,0.3257009255917361,0.31018078904166263,0.6702666548581079,0.498817850725907
2018,3243,66.54838709677419,67.09285161290323,99.38159878661503,99.24644510779324,-13.285205773714196,15.933732457182037,13.599061545488384,50.372272021212666,0.4693805673917661,0.3146412633331458,0.255239572540455,0.636548859332057,0.48812007858786766
2018,3244,50.72,67.39123199999999,74.93259663124459,106.63227361558478,-33.13433646928136,9.947140171124133,10.390377242353374,39.69543800397822,0.3912886387994512,0.33814616660253527,0.3620649199653314,0.6307301435270034,0.5047460683426993
2018,3245,58.5,66.74340000000001,87.50435119959316,101.7368227896823,-19.272541217705683,12.79056557744717,12.069988183416205,45.69152543396231,0.42732554842192866,0.39000946368775047,0.33794895160884775,0.7256639059535407,0.5065187604648699
2018,3246,66.125,64.40579999999999,102.69059363499018,100.95706684104161,-14.45517067356912,14.136689209403665,12.38428640665644,50.10462048951617,0.4777646141302324,0.2811928789024266,0.343455379228197,0.6607272539547109,0.5099055249701124
2018,3247,55.7,65.10528,85.4858723038075,101.25545911523288,-22.032312443757057,12.371837203680313,11.134213069117767,46.0626424259276,0.4368987370635953,0.28343145408621745,0.31836079753107277,0.6618864376518379,0.5162305422258756
2018,3248,51.06666666666667,64.00192,79.99448935607704,93.08347252999319,-19.980112664640412,12.803573353674466,11.84738908224596,43.02767327481429,0.43146245151048807,0.23709685691649163,0.3119196976401948,0.6839360986657144,0.5119444986019182
2018,3249,73.6,73.44614399999999,100.23769764252819,86.80611677584822,-7.695041861220434,13.593368485763996,11.5449437221813,45.86735692094431,0.43277247751763126,0.27704335013193643,0.3935806205402479,0.6723547229166229,0.4914614398457124
2018,3250,60.06896551724138,65.10455172413793,92.69769512124341,89.34838508581593,-8.620959906480893,12.743755386599377,10.929616975361807,48.8426600188666,0.45354756316189393,0.3020012071304255,0.2883440976042552,0.6972020461632125,0.4888580255987181
2018,3251,62.16129032258065,61.20650322580644,101.94939130481416,86.62084338917903,-7.322465708276309,14.11926717208215,11.716267096179152,50.38114504413173,0.4789358004294299,0.2999641855321985,0.4272628215322575,0.7044766637541968,0.5493038988174661
2018,3252,61.354838709677416,68.51922580645163,89.18647034884714,102.33885252053285,-22.940517393791897,13.876839409976437,12.652107964078693,46.48196607323851,0.4529716504073815,0.2895056018190325,0.23444542473335322,0.6437253860253055,0.478496088125498
2018,3253,60.87096774193548,70.81145806451612,85.74519765587235,99.67783732587154,-18.511234374636178,12.688216095342344,12.008842288082333,44.96875386950617,0.44272463895492414,0.27187464728041044,0.2663984817286449,0.6263078403292289,0.4751387396506244
2018,3254,54.58064516129032,66.09569032258064,82.35868352661734,96.65042256350922,-19.219907862258452,11.502785342340381,11.262509664812354,43.214692571565834,0.40602476962122797,0.2625314658810903,0.2759525525747846,0.6129931320448411,0.4835301538758695
2018,3255,53.10344827586207,66.81732413793102,79.32603253305096,101.80641730705355,-25.895778379287673,10.626302534639963,10.002817094882145,41.70401651572561,0.3842308876154234,0.28911855531731173,0.28545660814533197,0.6691732001414913,0.4753402128462609
2018,3256,66.72413793103448,66.53793103448275,100.63986749962325,88.64214374764953,-5.630653452701939,15.475969689808803,13.177992718919011,52.346460467558835,0.4784936198503225,0.35214364364806805,0.3399642307789122,0.6912948019053793,0.5108863013892969
2018,3257,76.6470588235294,66.6742588235294,114.57713062314504,81.89008498730463,-0.45571163000369347,16.701358324874352,11.29686553807866,56.47687817093721,0.5308410985839311,0.2748247904602953,0.35935389886953645,0.7270463885486272,0.552272425126159
2018,3258,68.17241379310344,69.98068965517241,97.43611683644423,95.4331667010311,-6.2224020352951666,15.142049847955656,14.09737694311298,47.379811857210214,0.4384959872861436,0.3703407137700297,0.35981418680750854,0.6725063225002019,0.48450723912597815
2018,3259,57.56666666666667,66.77439999999999,86.38132775480109,101.24280701702293,-20.358211428338954,12.8227494643826,11.97446119859209,42.743641667091175,0.41097949155367963,0.27551610535450816,0.31744159087091994,0.6802679578513847,0.4612031721266761
2018,3260,50.06666666666667,65.14752,77.18177663826128,102.42943721346867,-29.75449972957097,12.308323923792337,11.298289524831995,42.83377654227999,0.4196860724397969,0.23375711210217656,0.23037017331955503,0.7183846542895402,0.4992048957788417
2018,3261,65.03571428571429,65.63040000000001,98.86671831388841,95.71347951950564,-6.484932570200324,12.88668728149471,11.338910947844097,46.834211781885706,0.4483101514266841,0.3127546682879094,0.37213702141237526,0.6443043441682342,0.4963291686452731
2018,3262,54.241379310344826,66.49953103448277,81.24594456571324,107.17595197657492,-26.50703331141219,10.772275485209411,11.17545321554848,44.67560681418891,0.4448814540530743,0.24903213255499979,0.33221778340487756,0.6507912768146624,0.5098856773822176
2018,3263,64.8,63.09119999999999,103.15505984307546,81.20301678823225,-5.4170110494569315,15.570000754160791,11.989533642503897,51.11588615906128,0.47708700219785916,0.19961856420932875,0.33634773630216486,0.7067727773222882,0.5174968276214489
2018,3264,57.87096774193548,62.78523870967742,92.3644886310785,92.61081348559108,-12.233101996712229,14.761101236730148,12.844566819036494,47.309540872428975,0.4493921798482384,0.22330783423362272,0.34000243943976305,0.6892541701230264,0.47805997861918453
2018,3265,67.03030303030303,65.53134545454546,102.12996559563197,90.92182481281746,-8.158981032971765,15.314351061040602,12.019122333002883,51.53526697124414,0.48192109662863325,0.3241571752598262,0.3069692240655472,0.6916146231317888,0.52226837768354
2018,3266,80.03125,71.67060000000002,112.07061590827168,95.35849996164794,-4.585005606271084,15.213602884006365,13.417327187648953,53.46263896444714,0.5051318554096985,0.27058830261587113,0.35750193825965826,0.7128849771210685,0.517959914108514
2018,3267,60.74074074074074,65.37884444444445,92.66576352032297,103.1747209030955,-17.91687556568842,14.465978783828026,12.334645382806363,48.74382475958219,0.46095383719872307,0.25746008949088695,0.2614560298975522,0.633996444355383,0.49288841120281207
2018,3268,78.65625,69.91320000000002,112.56654527788805,89.05722273128045,-6.2670926198603,15.913496795852476,12.676763564798765,52.94241523243837,0.506159485764864,0.3060436017334189,0.40574753971705846,0.6916872711197356,0.5423990010097706
2018,3269,60.392857142857146,66.79474285714284,90.37326825441495,97.28934915655809,-16.297567296927784,14.026718881128302,13.62622965580739,44.69574097036838,0.44533777154448345,0.25710814853064345,0.34495882427677843,0.6622138474832211,0.5100797122374122
2018,3270,61.629629629629626,70.83520000000001,87.38953697899713,99.62793181721993,-17.6530185921303,12.321927448051069,11.962371566746455,44.182398680472076,0.40571151316014914,0.3087881206344314,0.33977329702943043,0.6436435314556624,0.4965635707091456
2018,3271,59.407407407407405,70.07502222222222,84.93186548757912,92.7920854230794,-16.7676682750332,12.214961052362993,11.267379074516112,41.097377329883926,0.3918152383366024,0.3131495314965665,0.35936614229227115,0.6557884813744437,0.49252701642913965
2018,3272,57.43333333333333,66.74495999999998,86.21448071548528,103.46721987006968,-22.930597389004557,13.760361845544143,12.522033113194164,47.39434125501328,0.45434420646798623,0.26465506844789544,0.30516408158567887,0.6339204268010739,0.5212058934184675
2018,3273,71.03125,63.6162,111.65795223810947,83.32672653030271,-0.9726526019070176,17.068849692391765,12.122480490117402,51.25891503151832,0.47802469628950184,0.21331633052954996,0.32276206876896113,0.6730124321964278,0.49213469037080554
2018,3274,70.83870967741936,71.14776774193548,99.8281900023504,89.8434825043547,-6.106026806310075,13.555449969655896,11.104576354489906,50.93878284960895,0.47098172039622427,0.33586134987312444,0.3442488836727927,0.6769674843152775,0.5233664325843312
2018,3275,70.41935483870968,66.5670193548387,106.05616797985827,90.68345143073711,-4.8332039898570995,15.1846072743433,12.132459466040496,53.443637912282945,0.4934648777346092,0.27114916522496546,0.3237339774367392,0.6969467008537641,0.5212658506081249
2018,3276,74.83870967741936,67.66265806451614,110.7322932982418,88.33039901038559,-5.222984000615688,15.451495919665481,12.089700651002618,56.25721011866904,0.5273843311157063,0.2976313345739062,0.38243594596132263,0.7163258067303171,0.5636331754737369
2018,3277,73.63333333333334,71.3344,102.92589698262621,93.49547336369834,-9.804661117712834,16.63352394337678,13.498484287564303,50.37196020315174,0.47366333191836174,0.28006041751272637,0.3703225481581062,0.7033482120399719,0.5250488819665474
2018,3278,85.58064516129032,73.58307096774193,116.16887709676463,94.54166454507703,-2.1468428357768428,14.984053911839094,14.102336126877155,54.01787948106131,0.4966245714917465,0.2969959416297176,0.36528895905904335,0.7035944808033847,0.5127929747731942
2018,3279,65.64516129032258,67.39633548387097,96.84839523508064,101.31920602634317,-14.851401723987212,12.774263409096134,12.182636491339114,48.30238986576965,0.44268179634883803,0.3157875990602067,0.33408063568640034,0.6340429751681613,0.48247906739608337
2018,3280,82.0909090909091,66.38196363636364,123.47536700082836,73.27963513612207,-0.43625753853026533,15.737515973697764,10.027582922762107,56.47874812869161,0.5266276564076846,0.30942942169566945,0.3790008048319306,0.7074320182323613,0.5365933282083831
2018,3281,70.38709677419355,63.42131612903224,110.90109900233796,91.44697365295198,-2.3728177021059027,17.266900931639938,11.638547885741213,57.99232001467975,0.5357764826569033,0.3349776673704285,0.32536466208962983,0.7435553694400855,0.5569435256597921
2018,3282,63.44444444444444,66.00106666666665,96.27437172549777,101.03200157065332,-12.624952278959002,12.675965616044344,12.542495609973859,48.24666035520404,0.4518362172509645,0.25342459101880394,0.3158197333669821,0.6552264562240957,0.47188152954157225
2018,3283,69.6,65.69792000000001,106.07253279531243,96.2109735701425,-8.106243785236604,12.771763450019744,11.360606584679717,49.99394367740849,0.46340046203909024,0.30195493329904016,0.33294182704473546,0.7063202004596609,0.5119886861857867
2018,3284,52.29032258064516,66.18859354838709,79.08662734225254,96.14949844141358,-22.436732733543096,13.522542612050595,12.755290194796736,43.71786805488031,0.42958029202291675,0.21284280246702791,0.3501358254170489,0.681105409188742,0.532033757022633
2018,3285,58.6,64.57408000000001,90.51831336089369,103.7535301462861,-19.867454323105804,14.50351291270216,13.068202807516315,43.25164892682654,0.4356400333820441,0.2895359027787691,0.3514363654171814,0.7309213771552973,0.5051318387645004
2018,3286,68.03448275862068,65.3495172413793,104.17021796037673,93.78637750900059,-11.11135226741393,15.976293198520889,12.748167293898515,52.856349982932436,0.49908002608395136,0.19887669643623934,0.29013982908044544,0.7052774488447241,0.4964755034823541
2018,3287,66.33333333333333,70.00703999999999,94.45248449488426,99.86030119366154,-10.57772536598892,12.453143663330204,11.239088250250957,45.03531313365284,0.42331197261529696,0.31096180600886636,0.35930382852264153,0.684556301880658,0.4996088771863201
2018,3288,59.13793103448276,66.8544,88.5126774202835,91.35758406382692,-12.019786766919848,12.307431154966329,9.718613017859086,44.35190491563421,0.40654850099419376,0.2958207277845587,0.3943240506201708,0.639531566601038,0.5052319603962885
2018,3290,53.8,69.09248,77.61111395136521,106.60490641784149,-29.724534366823004,10.059773232530363,10.07665142103507,39.404825304654445,0.383276554415027,0.3472547044865773,0.29775957135014774,0.586570624941806,0.44747245966317706
2018,3291,63.6551724137931,68.95249655172412,92.03088075842024,97.87269783049523,-14.215970784766068,12.257069342035322,12.006175275617144,49.670932893338204,0.4634627965098343,0.2891002358775837,0.28672708781113837,0.6369588719716146,0.5105462475523417
2018,3292,57.666666666666664,60.627199999999995,95.80941096564949,84.58411741196484,-9.594970032542902,12.438769755865088,11.567784660762987,50.1285566580672,0.449317700551416,0.3900754860718755,0.3342047605725433,0.7089927584576923,0.5111379767151639
2018,3293,68.79310344827586,69.83966896551723,98.61317380929832,108.74110016965298,-16.21139615404376,11.797269636115233,11.588375104546905,49.78132330681546,0.4613228203464294,0.32941966182809945,0.2755476340658622,0.6583473599741513,0.47017947801706245
2018,3294,70.0625,65.84819999999999,106.06522873511253,87.71020480757963,-3.6977734637037107,16.46166475813657,12.143394547645586,55.32409298144184,0.5149822250093631,0.284823323962343,0.24440569564773196,0.6801926981716906,0.4689835404274246
2018,3295,61.92307692307692,68.10830769230769,90.75267718957676,108.16149251036396,-25.298083486081257,15.927843687779724,13.776342624800979,48.77318259519713,0.4860502628952318,0.23141839710250892,0.23521978278090597,0.6907534524482022,0.5251371160897574
2018,3296,77.83333333333333,73.95967999999999,105.75943187890098,102.09692626846369,-6.28854861102497,14.969396426467211,13.272994625096494,53.85014117820431,0.4979024474810713,0.27441178842395997,0.2850488059288699,0.7036138150050597,0.5127702476219458
2018,3297,55.06666666666667,63.90719999999999,86.23844266431294,99.01920586765542,-15.03800783608619,12.413181008633883,12.239481795023085,46.466541587398844,0.42472123315697397,0.36668372333623,0.3512984637914591,0.6772606672889127,0.5024155206960371
2018,3298,64.90322580645162,66.84882580645163,96.54873388258423,73.82741550534566,-2.1330065277019297,15.620976870288244,11.572546714322371,48.33615408836666,0.4533253728601429,0.19308812079438875,0.30215438845539433,0.690323354365297,0.4996952247534459
2018,3299,63.3448275862069,72.29991724137929,87.79553581285492,82.23578243018757,-7.3981920055213966,12.96569511037622,11.166257566856483,43.40018692050655,0.41192506183816274,0.34695652875523436,0.3608434093380099,0.6827022532422624,0.5111221061073115
2018,3300,61.86206896551724,73.03348965517242,84.76748246520756,97.33768588469871,-17.634763181249998,10.79918133726066,10.244478042306461,44.4407231773445,0.4027126780596032,0.31359694030805474,0.3421399705654149,0.622968038785996,0.4962602361515969
2018,3301,66.4375,65.8326,101.12126668363852,85.99621250629447,-4.210112765814495,13.939289990895634,11.265046911225314,49.029883045735296,0.45203246421904725,0.37604135269596406,0.3695832803213395,0.7685520271100661,0.5473113628395407
2018,3303,58.68,67.10323199999999,87.37534943474975,111.4564892866547,-27.543427081986284,12.854903467346578,13.804972460821292,45.74937037356712,0.4448517318975275,0.28349273098401556,0.28140238578319865,0.6602551971548521,0.48904739636388184
2018,3304,69.48387096774194,67.12629677419355,103.18214679700883,88.3811870565806,-3.451365594707193,16.381868257574222,13.40582008213317,51.661752986297486,0.4872415515589936,0.26351130700714753,0.3344527037372452,0.6904865987179853,0.5235506842750051
2018,3305,65.28125,67.2972,96.70637108176015,102.45585531283714,-15.158838934281254,14.467246691607837,12.901133627213646,47.06792015407251,0.45683702428490514,0.32027586402160424,0.3590567070360874,0.6935824645126837,0.48909393327013045
2018,3306,57.9,62.12992000000001,93.44904631414518,94.72789815751023,-10.6737451511434,14.227851360780134,12.41692323750552,45.99037234803348,0.4248331070988005,0.32781946286917546,0.32728068651245634,0.6848140035227321,0.4889822025730816
2018,3307,78.90625,72.41520000000001,108.96443476346157,90.27466542714042,-4.43477607254666,15.49094737024803,13.212001800250121,52.46398955187084,0.4862366437263916,0.2767825947598728,0.2926562239952213,0.7088709980507538,0.5034477007422428
2018,3308,63.32142857142857,66.82765714285712,94.56111347917069,97.6106309271294,-13.655103395098374,13.422694010870615,10.640304508670141,48.67973046376914,0.47657601503649205,0.22717692718125132,0.28523213322353713,0.6493284106241403,0.4949300959113603
2018,3309,62.03448275862069,70.54477241379308,87.63174729987182,93.01405322464505,-16.72106344755417,11.90473264595613,10.793699179171961,45.053718900422034,0.42613031992632083,0.32131447901075993,0.3444088181672632,0.6202161134695174,0.4873245162599452
2018,3310,60.67741935483871,68.54957419354838,88.73976386425413,98.33610739995642,-17.806253616173667,14.276515435693357,13.446797484213915,45.4814484432055,0.4412192069740351,0.3172223992439365,0.3195522026358201,0.665791317734331,0.4847068113608359
2018,3311,63.206896551724135,68.94521379310345,91.5690182568704,94.86779397489106,-12.709990325587533,12.168715891355568,11.599811189249143,48.45386652731308,0.44518069407729005,0.36635377820984705,0.2925311192577375,0.6517430956527007,0.49653054401717883
2018,3312,51.793103448275865,66.90868965517241,77.46086628078575,109.99677039454997,-35.41112139568433,10.516791295121667,10.618393887050349,40.574749412245,0.4036991336758103,0.30822398578297533,0.282401154489424,0.5893558129915967,0.46994152010748025
2018,3313,60.48275862068966,68.03553103448276,88.67186876190225,80.47601917226783,-6.611563328582453,12.647993596060802,10.341103177514102,46.86351917859782,0.4412588711020251,0.37453644971764766,0.3502056479767682,0.6823244683635149,0.5402789656809017
2018,3314,67.90322580645162,71.52495483870969,94.65788262299118,102.20663774106694,-18.218513958201438,15.296343987381308,13.077932840352885,47.409667734039985,0.4702898914207593,0.2814599198387951,0.337314757195932,0.6813109772696582,0.5075340147159993
2018,3315,61.535714285714285,67.58948571428571,91.09345406382172,102.61804108756805,-16.35855719418021,11.967639217068909,11.088814516480602,46.76016465772453,0.4349760555996397,0.40026043800980066,0.34776783843370573,0.7361703650668155,0.5195779997569155
2018,3316,57.82142857142857,69.2064,83.24507790830141,100.82665497462038,-22.468589670585654,11.22655062643211,10.524602985044968,43.54293856576514,0.4198944151625925,0.2935898738692083,0.29500347299661184,0.6379940879662565,0.46944544998117715
2018,3317,58.57142857142857,62.28342857142858,93.81346487701435,87.81819737811237,-8.804045858105225,11.75661100185731,10.398124383762353,46.511519507568025,0.4307459675489232,0.3314740509357638,0.320534673104277,0.6760814750285192,0.471050345294943
2018,3318,64.4,65.03616000000001,98.7505766609765,88.33835471647059,-5.184180113160158,14.318849417143394,12.557538822176717,49.23666645429107,0.4513916126126729,0.23697109795046792,0.3408448055053279,0.6921366681536397,0.47702587242482597
2018,3319,62.206896551724135,71.03867586206897,87.26137628248676,107.70748630311519,-24.47028844498719,13.783918816580313,12.928253151062204,44.37893153470212,0.4429159947702405,0.3039786375077024,0.291665176514329,0.6972646003295104,0.49819047856795395
2018,3320,64.2258064516129,64.24443870967741,100.17403142972792,80.12283586032751,-3.3844892568304994,15.139360932505346,11.81965522248154,50.093820229153955,0.4485314328450197,0.25801282581244245,0.324992908674163,0.739495919680425,0.5223244944688836
2018,3321,57.0,64.98360000000001,87.99603535809284,101.8148871892552,-21.04253089934799,16.147827424802564,14.151241161979687,46.179652812086125,0.45952467960944443,0.30589068078547565,0.3313323290717391,0.6966433788756989,0.5156081684795355
2018,3322,51.92,67.051008,77.68938200519823,99.9231052951068,-25.753349231126563,13.24078657041545,12.445926034805495,44.62463420381642,0.4136492203786621,0.3009991774563432,0.2678436648991747,0.6200488071065426,0.49535597079530164
2018,3323,84.03125,70.88099999999999,118.71266167466602,99.26066215250844,-3.0609084924106034,17.557032856094448,13.057555012630782,57.338290549995875,0.5435914110488136,0.29872268895461607,0.3939955786966524,0.6860103796479213,0.5471450261070735
2018,3324,69.96666666666667,72.27968000000001,96.56711457391903,90.86930235845624,-11.223280666553041,13.846877514771576,12.666557210686426,48.27694720074255,0.44674343174237136,0.2890690687008177,0.2996414530552878,0.6822585472571647,0.4794602547065479
2018,3325,67.73333333333333,70.5184,96.22587736827747,94.58258614998213,-6.871380489176588,11.651285835720966,11.967050056752816,48.77309059997268,0.4466743271350209,0.31480139008649055,0.2571119726491886,0.6359683196951881,0.45708294043520886
2018,3326,84.57575757575758,72.78603636363637,116.10843057545998,93.93715351235528,-4.54743253952717,13.950979563296597,13.320143962286645,54.35775742926004,0.5164530547462886,0.24082595062176687,0.32769899467986274,0.6749012115290177,0.5007300427403991
2018,3328,73.33333333333333,72.22464,101.70966726109349,98.82904674142289,-10.855705480686686,12.610775457173252,11.442506965062385,51.72837416360299,0.4963494724932165,0.3503620729808397,0.3023335748748565,0.7046941824773243,0.5036589355155442
2018,3329,78.8,70.88319999999997,110.92375767212395,92.30759434360024,-6.307425709653431,14.26738237766768,10.972384059192487,52.408974476440456,0.4779775432989713,0.3437117016303454,0.3109640869144434,0.7266412069305637,0.5077678778329202
2018,3330,52.645161290322584,59.82534193548387,88.22386317539906,102.97353020867281,-20.699625531365218,12.79644811579505,11.987900527208703,45.31021829610172,0.4377842069592506,0.30470250935141036,0.324843754886907,0.6714561399871646,0.5019247350131804
2018,3331,64.07142857142857,66.00822857142856,97.25093603110953,95.63386509788506,-13.142364633434278,13.79226240835385,11.111252440389235,50.97061111189994,0.495573401561144,0.2533995588645074,0.2778985277135274,0.7519575397372507,0.5189916777448852
2018,3332,81.17647058823529,66.50880000000001,122.10204647338753,84.68376905447033,-3.0702381601783877,18.695271019698854,13.37899859244983,59.83521219852611,0.5726922379428945,0.2799273221056251,0.3671861664961253,0.6916211787411727,0.5450289068375875
2018,3333,74.5,63.522560000000006,117.12338965638179,82.41385593963325,-2.2716021455455975,19.495960513945338,12.552887227936628,58.58270338197414,0.5595481733983437,0.20743207883832548,0.3683632122860787,0.7149004028400815,0.5806110270062491
2018,3334,73.48387096774194,71.76650322580645,102.33485003883433,103.55619698409991,-10.35915397831944,14.103389326562484,12.806137662624542,50.0508359192633,0.4587822931337334,0.28998751356123004,0.3132931604903052,0.6668280919638295,0.4658679151697402
2018,3335,64.35714285714286,63.18102857142857,101.5790229523441,83.56283399094424,-7.127303585368331,15.069811323840883,12.463174886993576,46.64454703116205,0.4416411958896907,0.21140275567197445,0.37419313055938785,0.6949866488497856,0.5201315568638966
2018,3336,67.25806451612904,68.22255483870967,98.8063647929003,102.36700923577085,-12.716197347590041,12.977143749395532,13.497530328276287,48.4508984394822,0.4484608757056935,0.3323359882822027,0.2996749190351808,0.6572024250192163,0.4790754886853912
2018,3337,66.13333333333334,68.39232,96.64896107808993,104.5420959644668,-14.586470815948472,12.859658425327252,11.396526361575612,49.851212791701506,0.46152613337870874,0.35579876203150096,0.2828037786474972,0.656430353388389,0.4937978383669462
2018,3338,57.8,66.23552000000001,86.9603820885589,92.82156222991348,-18.185912153462503,15.636051602446416,12.41620066727027,46.29974610778924,0.45181172542082454,0.20957882903029834,0.25717745773158435,0.6301049952667047,0.4891532783706024
2018,3339,56.785714285714285,69.09737142857144,81.91024363682735,105.06787598855325,-28.260642132953254,13.194990171202095,12.03916534818072,42.54304397508334,0.42821514608584643,0.2697131905568583,0.34224243925966114,0.6787743202064503,0.4944846984214493
2018,3340,70.3,69.39456,101.51522211767822,108.3596258925971,-10.377746891002777,15.041078145895263,14.341834537278348,52.58873740057174,0.48708649998849596,0.3493730371085693,0.291275634692595,0.6756056815988637,0.49921030339520106
2018,3341,67.24137931034483,74.80386206896553,89.90635710872748,95.1072753117404,-12.845464679323772,11.052637721299622,10.556363735869946,46.530928772029355,0.40755021708458855,0.4244345528922904,0.2980699778582269,0.6148556068422254,0.4818905312634555
2018,3342,62.733333333333334,64.72575999999998,97.25135548323297,98.47413186531627,-14.414523317313307,14.238091902498217,12.797805949334863,52.07460558153987,0.4586106879262629,0.25858154800774114,0.22643350059622316,0.6445134725201763,0.44531931289689053
2018,3343,67.44827586206897,63.712882758620694,105.85503993592025,76.78332073064672,-4.277625742005213,16.4567249508379,11.02496973324132,52.214306480305794,0.4926777043664789,0.2465313996818828,0.3590264921208645,0.7338874191251046,0.5456077484562967
2018,3344,56.0,64.52438709677419,86.7265151241601,100.77799547384531,-22.54798480375271,13.449037546287823,12.27368852858019,48.02998474240429,0.481733338974132,0.24323018865609092,0.22335621806388897,0.7015589012942721,0.5020743645428163
2018,3345,64.58064516129032,64.08092903225806,100.76167154782097,95.87738811889996,-9.311570570585458,16.082915899574584,13.834006033757777,51.61484559595309,0.4871131978609045,0.2831318291966562,0.33539491306324887,0.6609804394627655,0.5104438002230515
2018,3346,72.75,67.8228,107.29623836707877,75.08897890901943,-3.4608979417794528,16.93198086378895,13.050057343789767,51.36655909997091,0.4778233502143595,0.24281206205960998,0.306958410040944,0.7173868607570006,0.5108731380917159
2018,3347,60.7,62.992000000000004,96.53444333264865,83.73584784528192,-6.10623430557279,14.025016934418412,8.913335182465067,49.67694462194378,0.46323768590954406,0.2921118106413348,0.3163226121673016,0.7196460545306549,0.5328736462681143
2018,3348,53.89655172413793,67.95475862068965,79.45167849453156,106.47664725478197,-29.699144909191094,12.609921489391255,12.034835157168635,43.0887190839238,0.4276730820408745,0.2591246291416202,0.30860043989185515,0.6095685055726792,0.5061425487049922
2018,3349,65.41935483870968,60.13006451612904,108.4367123920308,86.05805199863666,-3.769627043233469,14.81325081567488,12.295786477863038,56.773441272306364,0.5206522997031304,0.33720176383083966,0.3458431743339113,0.6856265589150472,0.5342768890116412
2018,3350,64.58064516129032,67.42110967741935,95.44744708367799,93.34583213718835,-9.647584670816983,12.02544393224611,11.53528982388128,44.67356946299102,0.41170252073746433,0.2555282430288223,0.3124686235740119,0.6669370809492422,0.4633292459184867
2018,3351,61.45161290322581,66.40598709677418,93.01283021748347,93.9710840911666,-12.765030934530232,12.16982808011275,10.471685120445338,47.87813555230192,0.43570715692472634,0.3328479381477307,0.2931913043658752,0.6802706101588406,0.4863662091758863
2018,3352,61.41935483870968,64.32681290322581,95.51267063904707,79.7948805893437,-6.01092994140733,13.755785455238678,10.81222353510501,48.56969112082685,0.4686594223735822,0.25846955011754674,0.3406859061277397,0.709762116178503,0.5199929305323636
2018,3353,63.375,65.9682,95.71050428748133,90.8696341111449,-10.20222549059486,14.576570273263323,11.724944985156919,46.75293288310532,0.44731003114037277,0.2595415787556868,0.36930777650802166,0.63813222881983,0.4822842749708099
2018,3354,53.785714285714285,69.23177142857142,77.09901358612741,91.28992342102217,-20.239204473720118,9.242502458875778,8.928814535881163,38.932922282891525,0.3727179093444582,0.3359905292738349,0.3581614491064534,0.6239329520794127,0.48349319673473257
2018,3355,77.7741935483871,67.24149677419355,115.48081946301555,85.09992677091661,-3.4221675603205286,16.761570579295302,12.16741095980131,56.21571601881489,0.5255838570232066,0.2828945636066162,0.34518783984505824,0.7365512406728678,0.5462257238543384
2018,3356,63.266666666666666,66.17023999999999,95.23730079261472,95.21491577532471,-8.760950380902765,14.193867812405715,11.659090811655334,48.046879849162295,0.45476633911675657,0.30716344079898766,0.34150931534399503,0.6443921584072422,0.4848855649322367
2018,3357,60.83870967741935,67.83174193548386,89.77117837921428,95.71037311750939,-16.42937584598242,11.496687787090554,10.763060097606983,45.54264727168902,0.4246563911284124,0.34218359286487077,0.25635682513454133,0.6756510369726836,0.4787851501103623
2018,3358,49.96,67.197696,74.39244266303231,104.23028412951949,-30.59276974431623,12.882779717033893,12.897314472387732,39.7277606261972,0.4004679983894918,0.2609795392707381,0.3545204916257426,0.64454367801399,0.47473066781970485
2018,3359,58.2,64.8864,89.66704047618131,93.30597772234334,-13.841386007435773,15.178600766335313,12.375125711155817,49.1387475748602,0.44606599059207724,0.3122200412230678,0.21209482108958655,0.6994674964899292,0.48979753359973194
2018,3360,61.774193548387096,64.84211612903225,95.03997032351323,97.56086827823007,-10.384398778664044,14.298200605184622,12.365646062758625,46.29793425989747,0.4397771272667642,0.2845307158610144,0.3889326300830798,0.6854934413875574,0.49136231004172914
2018,3361,62.55172413793103,67.7607724137931,91.62391581974948,100.98555749368225,-15.150043109508115,12.596523090886722,12.214643435018267,46.33987862025503,0.44155140377659907,0.2665063553684795,0.3012388423833631,0.6867680512305168,0.490486367276453
2018,3362,68.12903225806451,69.43029677419354,97.85126048557224,95.79635372898503,-8.659798330306355,15.341601260700918,11.962115498985586,49.88438385813319,0.47383972284898984,0.25769052484266647,0.32027651018917286,0.6884936243701765,0.5090321144513952
2018,3363,68.62068965517241,73.77169655172413,92.6324247986825,107.19838359476397,-19.06866809347172,13.736625985624677,13.371815348277611,47.60494797507122,0.4409457624600451,0.25516647167701023,0.2678261831777411,0.6162899609111692,0.4811876754437087
2018,3364,69.34482758620689,65.8109793103448,105.04546969488182,97.18630095555028,-5.740022777953044,16.543288287521772,14.226263312070277,54.074187563844234,0.48560356629322937,0.24927036571057404,0.34025614408671284,0.6658892923571381,0.4978195834395732
2018,3365,47.37931034482759,61.567779310344825,76.65908487149366,94.70533219149925,-21.76558370123821,13.052753088334207,12.661933268490557,41.01087143224898,0.39350225130557803,0.2932236991753675,0.31640072148747467,0.6436806142280695,0.47205308493891984
2018,3366,46.107142857142854,69.46079999999999,66.5652717146793,110.76850915655746,-46.71489560990243,7.810852217192225,7.677464861305075,35.15551164681908,0.35645577568855796,0.3553082979483261,0.34758988204512764,0.5871369190082216,0.48733833010582245
2018,3367,59.0,69.67182222222222,84.98498892686192,103.34047368134686,-25.260196866148405,12.998215384452806,12.42068656492944,45.948455091312745,0.4444414256586897,0.33423849174853,0.27390643912567175,0.6323234661292304,0.5092943332852725
2018,3368,64.13793103448276,71.05390344827586,90.5486658981205,100.72900119685708,-13.947143558732682,11.556485350917358,11.243732806243678,46.67254943123036,0.41386048994232044,0.2740649576102221,0.29823812230226726,0.6605532053971437,0.46619998235936033
2018,3369,59.758620689655174,66.93451034482759,89.37888366107909,96.84195889553001,-12.753445991185718,12.555101583616493,11.44796944284041,46.857776709964064,0.44879280546868355,0.3654220524625009,0.3462551370262882,0.6598910022525746,0.5003695854278499
2018,3370,67.46875,68.27699999999999,99.35897025649847,95.79702607493634,-8.387948880222055,14.052048421478082,12.057339341405298,48.32239208369029,0.45547697186661157,0.25676102506498355,0.31852508079045866,0.6989658976609666,0.5072389517577401
2018,3371,64.12903225806451,67.36227096774195,94.76588316488788,94.16871109351202,-15.131597509974533,13.855890106964095,11.923082501959675,48.870549213399585,0.4713838478047852,0.26245506407113484,0.313325667192316,0.6748717813186924,0.4981030759557003
2018,3372,68.22222222222223,66.91484444444446,102.63285954272226,81.63921340357977,-4.8883580700604226,15.347312176377061,12.967299740808173,52.31332556993061,0.47217149364219974,0.41204022666808,0.34927309653442656,0.6558738023839281,0.5047908818857364
2018,3373,59.16129032258065,67.06312258064514,88.03685882411875,90.59972702017832,-10.770339017457545,11.790723818215413,11.82701309175805,45.30805245784886,0.42186062397448054,0.3510274273074008,0.31533917354478824,0.6613384004870575,0.4745127002277492
2018,3374,52.1,65.84832,79.0917559516768,94.57538002961181,-19.432432923305612,11.404158723073753,11.354555556337578,39.95038318826923,0.38214082566524493,0.3344623129490373,0.3751740859373788,0.6755285507860727,0.5211497466880701
2018,3375,68.3,68.18623999999998,100.2348574024557,84.49725841557135,-4.261517156324454,16.468584995951772,12.611812662301324,50.97397784100631,0.4793985907616217,0.23977734651813254,0.3018384810599024,0.6737932352793017,0.5179667910663724
2018,3376,75.28125,67.0368,112.08893799040438,89.74760850383443,-5.402356206554678,15.157586822456912,10.891027748256754,54.72881293011197,0.514431545031733,0.3708432557581923,0.3744918178527742,0.6851543808827718,0.5527609325838417
2018,3377,72.34482758620689,64.32662068965519,112.6352647881703,87.04863255091972,-4.180824273782498,15.796520208358812,12.6515975783487,57.47383763009868,0.5347015351141752,0.28763195779689005,0.2771262571699154,0.7155392124075768,0.49588285361105167
2018,3378,75.3030303030303,65.83912727272727,114.45962274640591,86.17458028901068,-5.618612659621287,15.709469252442673,12.348168801386066,54.622623704169335,0.5033081150547561,0.29314783514079795,0.36390618168168276,0.7482929708154054,0.5603449338460468
2018,3379,61.607142857142854,65.38971428571429,94.17263870766462,102.9536768057154,-16.960669250413428,15.342258267348488,13.752900931437894,49.40463311472821,0.4857830391107672,0.28434034619438087,0.3640758987708884,0.6507057962977129,0.5175180340523288
2018,3380,66.20689655172414,69.63906206896552,95.37295514705819,90.80730363408028,-9.367966483244546,13.241973498562144,11.449741835599438,46.68648019434461,0.4292048433858613,0.312791701054301,0.3529493600512361,0.6257590939737709,0.4807811435019066
2018,3381,53.8,68.45120000000001,78.39077600844236,102.71328461130493,-24.899992909425052,11.681546198622852,11.692145936071292,38.942832773761126,0.38892387560833735,0.28267273763411943,0.29564007177023144,0.6749782918721928,0.4515976297459194
2018,3382,62.833333333333336,66.62272,94.45937042771477,101.88331401676012,-14.071728798651225,13.520371251143086,12.40280529939568,50.33273281295523,0.46611798206780125,0.26931359294300355,0.2363961375943086,0.6620178359341871,0.5141479902306182
2018,3383,62.13333333333333,65.63007999999998,94.78012609584172,97.41047561903864,-10.812488905257073,14.750063425792485,13.892019429676274,49.708357590544075,0.4659378599320059,0.3101058836424029,0.3296556402822803,0.6737574942108537,0.5171234565502135
2018,3384,80.5,76.449,105.39423295231981,83.4870609704661,-4.972226010149807,14.294427993087591,12.468485801256897,51.56795341599603,0.47564868353159095,0.25416681907888966,0.3340754017861496,0.6502597198004088,0.48291767474509756
2018,3385,64.16666666666667,65.46368,97.9137302887941,89.7507688644703,-10.340703956171524,13.897534937751963,10.524590608720164,49.53128000043628,0.47852043147778683,0.2837592596666882,0.30552812085433056,0.7003473428017053,0.49149105696430967
2018,3386,63.96875,63.08400000000002,100.8765463148995,99.00668696340867,-10.31290438839253,15.20767273992339,10.524293327968854,49.354091555980446,0.46906603465951063,0.27796569745919025,0.3696526375404587,0.6946296787048638,0.5289160450739758
2018,3387,72.4375,68.70240000000001,105.50126572032586,100.73649225142235,-6.467723672533328,16.11411754993537,13.498075990845148,52.80950336179694,0.4845800552205977,0.2861714029384954,0.2634963529289054,0.7034856489557233,0.5113960864360741
2018,3388,70.5,67.42655999999998,104.82170106992588,101.23650258234217,-5.8529312877081985,16.197120794708578,13.552381177930311,55.30581875317565,0.5267418695396332,0.362122679888684,0.40010599980997685,0.7222263572313666,0.5634444442213307
2018,3389,49.36666666666667,65.85407999999998,74.70870213689706,101.70258961352671,-28.319242303969144,12.299256086243732,11.762231182499857,40.246838391203056,0.3857698231702679,0.2736792827410498,0.35048622039554617,0.6327607978777622,0.4978734794845936
2018,3390,68.03125,66.5904,102.83312585588247,88.67595003709144,-6.75214524686775,14.182059926371833,11.493483394881679,50.11822079531755,0.4782781371511447,0.24122636172759304,0.3436205393411087,0.7006914333539144,0.5339080217117672
2018,3391,59.793103448275865,64.9185103448276,91.94992880348326,100.00221757869845,-17.541619294546955,11.655981059049363,11.29799391312751,47.14439940749664,0.45319799516048476,0.363710666227241,0.33730500729604135,0.6745325206505318,0.5305570484801284
2018,3392,62.6551724137931,63.688386206896546,98.47553375344742,89.69125372824804,-5.170658674950619,14.122824783736613,12.428206060649261,50.173368060905176,0.4632946135958532,0.27749384641014435,0.36557834716464443,0.6731017788218387,0.516221358040318
2018,3393,75.03333333333333,68.66752,109.53665834450938,87.89319993977182,-1.3425871827415412,15.52130751937038,14.519052359635717,53.16203678410978,0.48512108368454826,0.2465260041872143,0.35255666759062243,0.6584466509059007,0.509403097076099
2018,3394,60.22222222222222,65.32693333333333,92.41800106066795,89.93134463330492,-8.708328554973143,13.052228940630599,12.039460733947099,47.7481760744131,0.44341450185518,0.29853078426467783,0.33928337855601864,0.6907226486061776,0.5127849856537403
2018,3395,73.7741935483871,69.47550967741935,106.20738505831167,100.33735606718382,-10.583932714183888,16.301005380943923,13.07537722593653,54.647453709504255,0.5071571589316042,0.3332507517893605,0.29969435781547415,0.6754878514499354,0.511950982393855
2018,3396,66.93548387096774,68.49754838709676,97.82004267704812,103.49524758902798,-14.807019649553764,13.109366526433314,12.713855420563174,48.410085794227136,0.4405417539361445,0.29937813741113184,0.34504374449571645,0.6548684775741053,0.4909838210113795
2018,3397,76.96774193548387,72.11520000000002,106.28086077276474,89.68514608837485,-4.216106577410376,14.701161612337058,11.180039888259394,52.78520439605686,0.4881022220236615,0.3810458199653456,0.3853595565925508,0.7087574434958306,0.5495922265182647
2018,3398,63.73076923076923,72.64024615384614,88.30771063462664,103.87684074624957,-18.579373450643914,12.152027837264713,11.681709869401669,45.78472467588873,0.4151812172656426,0.3948649107222186,0.35038076705993176,0.6099231569942146,0.464867110448988
2018,3399,59.074074074074076,64.70897777777778,91.49636715082157,100.93393635124278,-12.830579698337235,12.793972051641223,12.530108464565647,49.15344236736704,0.4380405507449385,0.3464169488871336,0.3194728711577753,0.6661670485379354,0.5017789053889503
2018,3400,81.40625,71.73,113.3647940321519,89.46270787198841,-1.3218241961965131,15.358140838250618,11.115707246481005,53.71937446568605,0.5040309715216355,0.24795375278389598,0.397571467352751,0.7414638347623035,0.5595688531195936
2018,3401,74.6969696969697,67.60669090909091,110.97355000708082,102.68546198565294,-8.422770922444322,13.837949814798817,13.759323928969119,52.75313179423655,0.49299525040814896,0.349062985030005,0.41431093942761704,0.6997127673886357,0.5440841476358106
2018,3402,71.65625,65.5092,109.44142586635574,74.03950070439684,-1.839659088098383,16.364856338767698,11.860204066488025,53.14115262170205,0.4907242780334253,0.23047004638505214,0.3011120450653215,0.668246993130756,0.4775829239764107
2018,3403,57.13333333333333,70.20416,81.34635919894986,107.1310685371116,-32.954494800454434,12.709008932481083,11.758891281482125,42.80742122452835,0.452870547687992,0.3230284071108505,0.3702708792781205,0.670196350290961,0.5382244483698365
2018,3404,71.06451612903226,67.31210322580645,105.66594358300173,95.76451482168378,-5.810571716967216,15.494510436077897,14.375438092773926,54.42793308687004,0.5001385470792179,0.30644875624995144,0.28167389560027617,0.6566232325498447,0.48560685544342014
2018,3405,66.41935483870968,70.12830967741932,94.78322265137474,96.24347735650954,-11.401106939426338,17.174713732852776,13.363055973195534,49.78604807490176,0.4771044225436144,0.31412869836894386,0.27622482166673135,0.7026436703678227,0.4871923149891367
2018,3406,60.233333333333334,70.5152,85.09802271104215,98.69638628382317,-18.815810669199326,8.883915921857197,9.587438854208768,42.011886113253716,0.39621912653014496,0.3356033665552713,0.4000943306219701,0.6632840072745786,0.4789911269581924
2018,3407,78.41379310344827,79.3224827586207,98.93623648921651,94.77919716947541,-9.959651092468809,12.60406190099586,11.740733567118518,46.0755088921822,0.43051884151459546,0.25549298980859325,0.42427363861957385,0.6752184382978103,0.4991616104072837
2018,3408,62.12903225806452,66.8928,92.8938360966208,96.35163093559653,-16.61049264488453,14.892545247816678,11.844759292181624,48.473252179628446,0.45746114200972066,0.2767108863594951,0.2975024015769763,0.6335910073423421,0.4857891257377812
2018,3409,60.63333333333333,66.7456,90.48614822138497,95.8054701446741,-16.048861853874104,10.833953727144799,9.477973884132991,45.2070297739656,0.4209039678596426,0.2650930004436463,0.29106102112911825,0.6669452701885379,0.49052871930873354
2018,3410,57.25925925925926,64.8917333333333,88.2249080188558,99.43375590858078,-19.821352504055625,13.513499155471523,13.204095799377077,42.626192315692656,0.4143993823171947,0.2984604544379955,0.3772000024852833,0.6720502060105936,0.4899434480899585
2018,3411,62.3448275862069,66.78422068965517,93.5422043384523,86.541111031724,-7.865526364490248,11.345167597565569,11.497655323703164,49.97614031591755,0.458412635088368,0.3832821051356936,0.3615992031608469,0.6614898361890851,0.5401795436469998
2018,3412,72.0,64.08064,112.52171441314277,91.48227801171909,-1.7959058611920033,17.824059768444712,13.051714716633843,54.94589099473847,0.5087578098086175,0.25211093972992643,0.3190376170985722,0.7080719467089872,0.5230607855829995
2018,3413,72.70967741935483,66.87236129032257,108.72005278988424,87.324079930521,-1.0887654920011498,18.108655806558406,12.118291507057396,57.836191186058834,0.540745217880409,0.2430397560126572,0.23329904877454613,0.6701047384490253,0.4873531394680499
2018,3414,72.23333333333333,72.51712,99.65853964868407,95.99841270868383,-6.516793848395153,12.018452504366898,12.692811439215108,49.75811811578442,0.45168326506686235,0.2989041190301392,0.32068701273876193,0.6415893519264659,0.462534030396963
2018,3415,60.42424242424242,69.67912727272727,86.8050147647007,103.07679409481288,-20.579034724880387,15.419724531046999,13.448780715556182,42.92873003033849,0.42933208759555513,0.2759528450029828,0.33848581702768227,0.6817828764148578,0.4929901377707866
2018,3416,56.61290322580645,64.73310967741935,87.96322244466735,91.70228058763813,-11.514532545177117,13.594935333176773,11.323496389949002,43.83348121907978,0.42956916345898566,0.2699291402853691,0.3521472850388486,0.6998044392548547,0.51099545754662
2018,3417,74.61290322580645,66.98941935483872,111.19225669356705,91.95747928338454,-3.7739364711725285,15.830178164846318,12.96297379977993,50.443897819492996,0.47181610018304043,0.2695408454851804,0.4180260655937555,0.6838400334350149,0.5236483363989051
2018,3418,58.65625,66.5916,88.12521090223248,93.13411435767995,-13.92281271804643,10.929238852311377,10.750395653469537,46.454783564731784,0.4332294566261872,0.3491286088260145,0.2852300683448635,0.6920215254518007,0.5073275913114004
2018,3419,54.07142857142857,67.41394285714286,79.85234153894024,110.01504757348171,-31.185244229655204,11.59586573141925,11.42044695251233,44.72853545892322,0.4248410933712962,0.27786369865816646,0.2828729349278595,0.6100701420202183,0.506203213476284
2018,3420,48.333333333333336,62.55616,77.39879044558998,102.43968277032417,-28.514375355535673,13.932048338970242,13.290116738089607,41.64565724586995,0.4121684974325316,0.2302273626587457,0.2573104907054899,0.6694752661172042,0.5024443610672306
2018,3421,57.935483870967744,61.70941935483871,93.65543444905578,94.68416981059296,-11.644596205146199,10.795692598926237,10.226178093484616,46.37735149222525,0.4439734265482788,0.34865530088985136,0.34694866276674985,0.7025684798645708,0.49300434394434905
2018,3422,58.81481481481482,64.46862222222224,91.15640782092251,99.63103757126756,-12.655952536602415,10.95501950727809,10.67801922026083,45.68969983673019,0.42492277574094345,0.3178585670241152,0.33216170910548376,0.7116772113248606,0.49848921400243784
2018,3423,58.44827586206897,66.32408275862069,87.73719671345167,95.78334048759382,-16.30805778731878,12.196283478511464,10.873428911188874,45.677655474263446,0.4176043981505724,0.30484649312632217,0.3245306798898101,0.690990830380001,0.49242874213792165
2018,3424,64.13333333333334,68.39104,94.12171650457645,98.53109529487118,-14.123940690878744,12.875894526613259,12.561918982314145,47.24677948349961,0.449210338240623,0.37211964328347363,0.36673841351685327,0.7149965001946966,0.5292042001657739
2018,3425,66.45161290322581,65.19329032258064,102.24083038367755,90.80211465965147,-5.87805097610648,14.319229098897784,13.076166382884232,50.08143444664185,0.4623918542674553,0.32077986436004596,0.2966134881652518,0.7053238555353053,0.4981506983851531
2018,3426,61.46666666666667,66.18495999999999,92.96278285355426,94.02706238413158,-9.881418265315983,13.801511451574783,12.083281948718222,47.31722678560699,0.4439333848097908,0.33376233076499295,0.322345585214944,0.6665450658048832,0.4898043365205348
2018,3427,55.75,67.95977142857143,82.11924507262815,104.8115112743035,-26.33153811140593,12.333502676045567,12.239398906547402,42.33521322898478,0.4180977678986184,0.2675351463222685,0.32855523696170413,0.6684147561048709,0.5039300455539057
2018,3428,70.4,67.50591999999999,104.34729957368424,89.8862798711581,-7.260969002847461,15.38669470236627,11.12351386284834,52.583903125893315,0.49466104332695043,0.30743542445904093,0.3457355036409482,0.7411882945545611,0.5449991024479827
2018,3429,51.51724137931034,64.35839999999997,79.02067790805125,107.28613985841528,-29.38841762343079,12.209130665850582,11.435711844813211,40.58952902173959,0.4232389160068526,0.23663036351782823,0.30652603190430566,0.6404551175118327,0.4919205979329412
2018,3430,55.535714285714285,63.826971428571426,87.11148614694939,105.71557627849198,-26.899967428683276,12.832337268950496,12.801927895147774,44.62653778491723,0.44111506603091677,0.32377485704864356,0.3040432616068595,0.6235116403757156,0.4564155497117846
2018,3431,60.25806451612903,65.12268387096773,91.46174435327312,99.58004197992491,-13.981459698003967,14.595542760082484,13.12480498824091,49.032144046646735,0.4824121472760009,0.3723707532121073,0.3508941261178501,0.7233659795634019,0.5450229746524186
2018,3433,54.51724137931034,66.59884137931033,81.76799502145904,105.93747905049398,-26.18166134768591,11.498599346404637,10.824421976103471,42.25360329113462,0.4170443326459592,0.3657462796591042,0.3316762519535194,0.6956168950275383,0.48556521777670886
2018,3434,60.58620689655172,66.75310344827587,90.53538782877837,106.33203010894597,-23.194666258661087,11.493604897387975,10.867941566863596,45.35535067760659,0.4193476448259269,0.35073682394302286,0.3197826039833918,0.6776091803473597,0.5050858300404703
2018,3435,68.19354838709677,69.72015483870969,97.87448173927102,114.54182285846278,-18.078659053814217,15.026407610730152,14.338066863473054,54.16920967617063,0.5121391167157747,0.2933827840027131,0.2559773451669078,0.6444878466119016,0.525105019744744
2018,3436,54.58620689655172,63.5553103448276,85.81155436747288,99.12238885006177,-18.307582243775073,13.203116161088595,11.999449713200377,47.10180628469216,0.4398582974479627,0.2688266802252077,0.3048690290551756,0.6842995638785916,0.5220577121807015
2018,3437,67.36666666666666,61.095679999999994,110.50223447067428,84.27663421693812,-3.8999309907533015,16.139990796446902,12.190506899901537,54.24164754815538,0.509846166286584,0.21695808244732312,0.24795484491642245,0.6984514534614042,0.49895629925168516
2018,3438,61.74193548387097,64.59003870967743,95.60716998591839,94.63554595530098,-9.803187364345087,13.8787827320049,12.121713877652049,49.37752585357417,0.46095220774092366,0.25667137208052265,0.32269481818371504,0.6785168892214289,0.5175064518219478
2018,3439,73.64516129032258,69.10947096774191,106.31608014211253,87.6623633148627,-8.437377856423417,12.430258835926134,10.444881882647325,52.265620164927036,0.4782464797447965,0.3046447813222321,0.3479673072090645,0.6971398303196426,0.5164043879914012
2018,3441,50.82142857142857,63.83657142857142,79.40975661687354,101.87007346271385,-24.287234224478404,12.722529885956773,12.219059328831806,44.38966435805974,0.4176095781161329,0.25794031594594824,0.2981755134799526,0.653546996887404,0.5293811293941091
2018,3442,79.39285714285714,72.51085714285715,109.36432289287602,88.93953219024124,-7.914809967407957,16.437024715492093,13.779899092708034,54.12974938578176,0.5022510098446074,0.2892667468446911,0.2644694556023492,0.6616938785301072,0.4874529245862669
2018,3443,74.35483870967742,64.42157419354838,115.25090976208958,96.14143292029897,-5.682416944950612,13.159818099158048,12.246072841870483,51.649268620444154,0.47336643998107564,0.3357165562312063,0.4303392494836593,0.609356311952939,0.5139040516953105
2018,3444,65.8,68.80703999999999,95.96183840872091,100.69722231718688,-13.7498637613651,15.094972362685688,12.808091479396747,48.55592113042365,0.46621354465571596,0.3103232077465705,0.29686334302674705,0.710137222642812,0.511107199058881
2018,3447,50.857142857142854,67.84114285714284,75.30772941905764,97.71024212666943,-25.92878477353367,12.748812985139063,11.628938348755911,43.54683866829202,0.43448936649186537,0.31226176633432534,0.2955923119475902,0.647687224988191,0.5244146676274566
2018,3448,65.48387096774194,67.44526451612904,97.30278415018026,97.01244152211703,-10.251601691336859,13.612322674072217,12.19932897607817,47.460235369312265,0.44363612785842776,0.2729932740707775,0.3827536019599069,0.6845225133047004,0.5088700601311188
2018,3449,68.13333333333334,68.83392,98.72769314638117,111.35559232100054,-15.692723918011975,13.022864627723942,13.121620456375338,49.2310072624813,0.45112750536230084,0.24463375112360206,0.30612379995538463,0.626398124512224,0.4588532174930643
2018,3450,66.2,68.39424000000001,96.72628444471889,101.18795535406541,-10.56194659302585,14.59321280302844,13.79241561434869,47.63166227603706,0.4483896683833905,0.210715761709702,0.31318867299766756,0.6143605512909711,0.48560226650829624
2018,3451,79.10714285714286,70.66285714285712,111.73781534754154,92.60504273827436,-2.4307833021701923,14.365680802343263,11.707484082377082,55.40056163590617,0.5080377673831615,0.23190921384244922,0.24608209632764383,0.6866836977933465,0.4708355294906937
2018,3452,74.78125,69.18659999999998,108.37977303908016,87.2307047248883,-4.1146819820713345,16.376379499326664,11.209389841300627,54.704169692940525,0.5054653209637541,0.2915853099087986,0.3346457827443171,0.6988315962168823,0.5363677841623299
2018,3453,64.28125,60.65639999999999,105.98154226888781,75.42174396078505,-3.6538630512379795,16.23794593672181,10.00565689527153,51.44388947771567,0.4963876993934413,0.283482779669035,0.35079513851986777,0.7705446901043481,0.5533450928929473
2018,3454,63.935483870967744,65.47138064516128,97.391690759169,91.95383842182478,-7.961904619029517,14.577900050107237,12.88772126367494,52.02126113970933,0.4836217595838195,0.32514729310876894,0.35251612397745524,0.7328063568647818,0.5591978381367515
2018,3455,60.54838709677419,66.41651612903226,91.50640898554228,105.95801680199236,-21.011320855391215,15.308851347258273,12.944564321385295,46.85837932544779,0.4673414298169789,0.25082440278513757,0.37214924961311613,0.6738398894969532,0.4973188775466644
2018,3456,64.93333333333334,69.20255999999999,93.60560206901697,93.39827938013993,-11.059373281548043,15.656792386250856,12.708540125449256,49.09479742998314,0.4622865262220702,0.2782142413384129,0.2794464108135807,0.6246415118631451,0.4878396448246267
2018,3457,45.310344827586206,66.88750344827587,68.11158575107254,110.10169732782421,-42.71618316649114,8.583972394584785,8.515297038594337,37.61800069688994,0.379212165310971,0.25822232929318156,0.29141708997433813,0.6097506176798803,0.49745531405346455
2018,3458,57.766666666666666,65.60127999999999,87.82788319594825,100.66082695568439,-19.66150203435342,13.971020641874135,12.84426946215048,44.92023637124925,0.44012506399998486,0.27013510183006806,0.296070980133504,0.6958711700523569,0.5024268652681552
2018,3459,56.407407407407405,66.176,85.4006257007807,102.16340557599193,-22.344325102662566,12.342434907987313,11.086912907993488,42.58459781004511,0.40412379925267544,0.28107372713757006,0.2697428883694751,0.6737904077079584,0.4766223287301881
2018,3460,70.54838709677419,66.00526451612903,106.58934176266972,93.11686364518216,-4.698712667866092,12.816905223580763,11.289680667652124,48.24605124127799,0.4400255573295534,0.3286812230150217,0.39325892303269033,0.6990347099074792,0.5074556806150304
2018,3461,61.310344827586206,59.802041379310346,102.79182774977308,89.32277941241111,-4.766990384713675,15.955197794392983,11.579984265812733,53.41196138867784,0.48719586181187546,0.30763532701189905,0.27112028838552465,0.7466921749693792,0.5169283854188369
2018,3462,56.833333333333336,63.47455999999998,89.3360179809052,99.97924300665659,-19.984407527245803,13.789852345860657,13.10315839042529,48.409971880698365,0.4672213153781677,0.29915363908582104,0.2547636741902151,0.69015935366619,0.5068057277279918
2018,3463,64.92857142857143,70.43931428571427,92.07783628786292,90.86310848701508,-10.824932368636734,12.735682239726943,12.382034998781503,46.39243638458421,0.4486514211832359,0.28733785655363653,0.2979584633625497,0.6946075170677173,0.4921307769694601
2018,3464,63.86206896551724,64.34317241379311,98.9643289373967,95.30313284246094,-9.654426407954897,14.956915125594145,13.176745033491656,52.44522858236478,0.47985854720598925,0.2559646961197567,0.2554059833009706,0.6755534711568637,0.510687628051194
