ID,Pred
2018_1104_1112,0.2728579
2018_1104_1113,0.6596251
2018_1104_1116,0.3774334
2018_1104_1120,0.3177276
2018_1104_1137,0.85524637
2018_1104_1138,0.80066437
2018_1104_1139,0.37320155
2018_1104_1153,0.20930718
2018_1104_1155,0.29722452
2018_1104_1158,0.8615781
2018_1104_1166,0.39011803
2018_1104_1168,0.87065953
2018_1104_1172,0.567275
2018_1104_1181,0.20795044
2018_1104_1196,0.3203215
2018_1104_1199,0.42140743
2018_1104_1209,0.8602207
2018_1104_1211,0.21901903
2018_1104_1222,0.27651986
2018_1104_1233,0.86738324
2018_1104_1242,0.21769254
2018_1104_1243,0.4244036
2018_1104_1246,0.26554966
2018_1104_1252,0.87206864
2018_1104_1254,0.88768995
2018_1104_1260,0.3711126
2018_1104_1267,0.86194885
2018_1104_1274,0.38182
2018_1104_1276,0.22219552
2018_1104_1277,0.20967217
2018_1104_1281,0.389052
2018_1104_1285,0.8226076
2018_1104_1293,0.73255384
2018_1104_1300,0.88880014
2018_1104_1301,0.38160142
2018_1104_1305,0.36809102
2018_1104_1308,0.6045353
2018_1104_1314,0.22040664
2018_1104_1326,0.28716445
2018_1104_1328,0.45828345
2018_1104_1335,0.8640437
2018_1104_1344,0.5224162
2018_1104_1345,0.21358266
2018_1104_1347,0.87776595
2018_1104_1348,0.38563478
2018_1104_1355,0.7551858
2018_1104_1361,0.46957585
2018_1104_1371,0.3643373
2018_1104_1372,0.86199945
2018_1104_1382,0.73158085
2018_1104_1393,0.6153127
2018_1104_1395,0.32795712
2018_1104_1397,0.24849945
2018_1104_1400,0.42320433
2018_1104_1401,0.37394935
2018_1104_1403,0.25552088
2018_1104_1411,0.8879134
2018_1104_1417,0.4024515
2018_1104_1420,0.8762008
2018_1104_1422,0.84106374
2018_1104_1437,0.19787107
2018_1104_1438,0.19862737
2018_1104_1439,0.40514046
2018_1104_1452,0.24474256
2018_1104_1455,0.28129503
2018_1104_1460,0.865407
2018_1104_1462,0.24537021
2018_1112_1113,0.7296452
2018_1112_1116,0.7398509
2018_1112_1120,0.6258698
2018_1112_1137,0.84143823
2018_1112_1138,0.76388836
2018_1112_1139,0.7340374
2018_1112_1153,0.33020362
2018_1112_1155,0.5752563
2018_1112_1158,0.8697029
2018_1112_1166,0.7540466
2018_1112_1168,0.90844154
2018_1112_1172,0.72770363
2018_1112_1181,0.3265613
2018_1112_1196,0.631932
2018_1112_1199,0.7283944
2018_1112_1209,0.85912156
2018_1112_1211,0.35565934
2018_1112_1222,0.5134659
2018_1112_1233,0.9046493
2018_1112_1242,0.35223964
2018_1112_1243,0.7464703
2018_1112_1246,0.4793064
2018_1112_1252,0.90846914
2018_1112_1254,0.8814122
2018_1112_1260,0.69762623
2018_1112_1267,0.87250113
2018_1112_1274,0.74519074
2018_1112_1276,0.36377448
2018_1112_1277,0.33117527
2018_1112_1281,0.70714283
2018_1112_1285,0.8086975
2018_1112_1293,0.7159932
2018_1112_1300,0.88105166
2018_1112_1301,0.70428586
2018_1112_1305,0.7266483
2018_1112_1308,0.729438
2018_1112_1314,0.3592447
2018_1112_1326,0.54672205
2018_1112_1328,0.7223742
2018_1112_1335,0.89196414
2018_1112_1344,0.72733074
2018_1112_1345,0.34159163
2018_1112_1347,0.90175575
2018_1112_1348,0.69940954
2018_1112_1355,0.71440804
2018_1112_1361,0.7238345
2018_1112_1371,0.720906
2018_1112_1372,0.8722685
2018_1112_1382,0.7159462
2018_1112_1393,0.7298223
2018_1112_1395,0.6495467
2018_1112_1397,0.4299202
2018_1112_1400,0.73456633
2018_1112_1401,0.735062
2018_1112_1403,0.44870922
2018_1112_1411,0.88128847
2018_1112_1417,0.711265
2018_1112_1420,0.90502703
2018_1112_1422,0.8277975
2018_1112_1437,0.29763138
2018_1112_1438,0.2996154
2018_1112_1439,0.7655425
2018_1112_1452,0.4200515
2018_1112_1455,0.5282879
2018_1112_1460,0.90107054
2018_1112_1462,0.42159936
2018_1113_1116,0.34225276
2018_1113_1120,0.310944
2018_1113_1137,0.8489416
2018_1113_1138,0.7243555
2018_1113_1139,0.34111637
2018_1113_1153,0.20535992
2018_1113_1155,0.28056064
2018_1113_1158,0.86943626
2018_1113_1166,0.34545228
2018_1113_1168,0.900171
2018_1113_1172,0.39473528
2018_1113_1181,0.20364583
2018_1113_1196,0.3144869
2018_1113_1199,0.36184636
2018_1113_1209,0.863055
2018_1113_1211,0.21588808
2018_1113_1222,0.25668654
2018_1113_1233,0.89600474
2018_1113_1242,0.21467648
2018_1113_1243,0.36442143
2018_1113_1246,0.24772224
2018_1113_1252,0.90062475
2018_1113_1254,0.8952512
2018_1113_1260,0.3053542
2018_1113_1267,0.87099075
2018_1113_1274,0.34324145
2018_1113_1276,0.21867508
2018_1113_1277,0.20580043
2018_1113_1281,0.29340047
2018_1113_1285,0.7728149
2018_1113_1293,0.61351836
2018_1113_1300,0.89578056
2018_1113_1301,0.29314023
2018_1113_1305,0.34009418
2018_1113_1308,0.4303332
2018_1113_1314,0.21710554
2018_1113_1326,0.2677266
2018_1113_1328,0.32155937
2018_1113_1335,0.88299114
2018_1113_1344,0.3603033
2018_1113_1345,0.21053314
2018_1113_1347,0.89751357
2018_1113_1348,0.330161
2018_1113_1355,0.6464233
2018_1113_1361,0.32767957
2018_1113_1371,0.33945507
2018_1113_1372,0.8708161
2018_1113_1382,0.6122141
2018_1113_1393,0.44272643
2018_1113_1395,0.32338873
2018_1113_1397,0.23641099
2018_1113_1400,0.36330596
2018_1113_1401,0.34126762
2018_1113_1403,0.24072075
2018_1113_1411,0.8953744
2018_1113_1417,0.29681617
2018_1113_1420,0.8985464
2018_1113_1422,0.8160503
2018_1113_1437,0.18760365
2018_1113_1438,0.18855953
2018_1113_1439,0.3528062
2018_1113_1452,0.23409429
2018_1113_1455,0.26134777
2018_1113_1460,0.8916641
2018_1113_1462,0.23446022
2018_1116_1120,0.32839516
2018_1116_1137,0.82804763
2018_1116_1138,0.75440514
2018_1116_1139,0.47633857
2018_1116_1153,0.17636794
2018_1116_1155,0.2869966
2018_1116_1158,0.83356243
2018_1116_1166,0.531881
2018_1116_1168,0.8511721
2018_1116_1172,0.62620056
2018_1116_1181,0.17495777
2018_1116_1196,0.3342734
2018_1116_1199,0.6534053
2018_1116_1209,0.8318503
2018_1116_1211,0.18645594
2018_1116_1222,0.25365502
2018_1116_1233,0.84441245
2018_1116_1242,0.18506768
2018_1116_1243,0.65584904
2018_1116_1246,0.23921995
2018_1116_1252,0.852981
2018_1116_1254,0.8785664
2018_1116_1260,0.60355806
2018_1116_1267,0.8338509
2018_1116_1274,0.50442994
2018_1116_1276,0.18977542
2018_1116_1277,0.1767457
2018_1116_1281,0.60157984
2018_1116_1285,0.78749865
2018_1116_1293,0.6926876
2018_1116_1300,0.8847395
2018_1116_1301,0.6011451
2018_1116_1305,0.4604814
2018_1116_1308,0.63717103
2018_1116_1314,0.1879287
2018_1116_1326,0.26985088
2018_1116_1328,0.60926527
2018_1116_1335,0.8369091
2018_1116_1344,0.6175733
2018_1116_1345,0.1808225
2018_1116_1347,0.86054933
2018_1116_1348,0.61594194
2018_1116_1355,0.70640993
2018_1116_1361,0.6108724
2018_1116_1371,0.44936776
2018_1116_1372,0.83372056
2018_1116_1382,0.69224554
2018_1116_1393,0.6412744
2018_1116_1395,0.3524231
2018_1116_1397,0.21822152
2018_1116_1400,0.6556584
2018_1116_1401,0.47867632
2018_1116_1403,0.22619739
2018_1116_1411,0.8791449
2018_1116_1417,0.6035008
2018_1116_1420,0.85870796
2018_1116_1422,0.81397426
2018_1116_1437,0.16407318
2018_1116_1438,0.16477019
2018_1116_1439,0.58867204
2018_1116_1452,0.21389924
2018_1116_1455,0.26039317
2018_1116_1460,0.841322
2018_1116_1462,0.21455924
2018_1120_1137,0.8555479
2018_1120_1138,0.77200687
2018_1120_1139,0.6517296
2018_1120_1153,0.24889973
2018_1120_1155,0.4288671
2018_1120_1158,0.8758644
2018_1120_1166,0.6857998
2018_1120_1168,0.879336
2018_1120_1172,0.6803583
2018_1120_1181,0.24576065
2018_1120_1196,0.50555044
2018_1120_1199,0.7065123
2018_1120_1209,0.8704358
2018_1120_1211,0.27027842
2018_1120_1222,0.37945586
2018_1120_1233,0.8846118
2018_1120_1242,0.26742736
2018_1120_1243,0.7219056
2018_1120_1246,0.35820544
2018_1120_1252,0.8773331
2018_1120_1254,0.8768542
2018_1120_1260,0.66319627
2018_1120_1267,0.87708396
2018_1120_1274,0.66951746
2018_1120_1276,0.2769046
2018_1120_1277,0.24973857
2018_1120_1281,0.6667988
2018_1120_1285,0.787894
2018_1120_1293,0.7061362
2018_1120_1300,0.87925196
2018_1120_1301,0.6654576
2018_1120_1305,0.64092034
2018_1120_1308,0.68084264
2018_1120_1314,0.2732619
2018_1120_1326,0.40306032
2018_1120_1328,0.6745823
2018_1120_1335,0.8846254
2018_1120_1344,0.67924976
2018_1120_1345,0.25850898
2018_1120_1347,0.8731659
2018_1120_1348,0.6693537
2018_1120_1355,0.72839826
2018_1120_1361,0.6757414
2018_1120_1371,0.6328836
2018_1120_1372,0.8769472
2018_1120_1382,0.705721
2018_1120_1393,0.68024546
2018_1120_1395,0.53324914
2018_1120_1397,0.32639945
2018_1120_1400,0.71237636
2018_1120_1401,0.653277
2018_1120_1403,0.33885738
2018_1120_1411,0.8769692
2018_1120_1417,0.66921854
2018_1120_1420,0.8738192
2018_1120_1422,0.8163599
2018_1120_1437,0.22099708
2018_1120_1438,0.22273478
2018_1120_1439,0.71406764
2018_1120_1452,0.31951335
2018_1120_1455,0.38935274
2018_1120_1460,0.88665223
2018_1120_1462,0.32058945
2018_1137_1138,0.25832257
2018_1137_1139,0.17210115
2018_1137_1153,0.15654042
2018_1137_1155,0.1497415
2018_1137_1158,0.5991939
2018_1137_1166,0.18835019
2018_1137_1168,0.791398
2018_1137_1172,0.15681796
2018_1137_1181,0.15759195
2018_1137_1196,0.14554714
2018_1137_1199,0.22301115
2018_1137_1209,0.56683743
2018_1137_1211,0.1518204
2018_1137_1222,0.15429328
2018_1137_1233,0.7507637
2018_1137_1242,0.15214197
2018_1137_1243,0.22135633
2018_1137_1246,0.15500417
2018_1137_1252,0.8055874
2018_1137_1254,0.9129936
2018_1137_1260,0.21778736
2018_1137_1267,0.607644
2018_1137_1274,0.17991912
2018_1137_1276,0.15121356
2018_1137_1277,0.15628669
2018_1137_1281,0.20276757
2018_1137_1285,0.30961043
2018_1137_1293,0.18025085
2018_1137_1300,0.9277615
2018_1137_1301,0.20706894
2018_1137_1305,0.16781779
2018_1137_1308,0.1569754
2018_1137_1314,0.15156525
2018_1137_1326,0.1524019
2018_1137_1328,0.17464891
2018_1137_1335,0.67972374
2018_1137_1344,0.16109031
2018_1137_1345,0.1537105
2018_1137_1347,0.8532816
2018_1137_1348,0.22240572
2018_1137_1355,0.19391567
2018_1137_1361,0.17187057
2018_1137_1371,0.16484542
2018_1137_1372,0.60670143
2018_1137_1382,0.1799043
2018_1137_1393,0.15745744
2018_1137_1395,0.14637125
2018_1137_1397,0.15339276
2018_1137_1400,0.22258306
2018_1137_1401,0.17275275
2018_1137_1403,0.15431596
2018_1137_1411,0.91387165
2018_1137_1417,0.19700935
2018_1137_1420,0.842191
2018_1137_1422,0.36477923
2018_1137_1437,0.17060128
2018_1137_1438,0.16979149
2018_1137_1439,0.20376383
2018_1137_1452,0.15275837
2018_1137_1455,0.15353023
2018_1137_1460,0.7278424
2018_1137_1462,0.1528581
2018_1138_1139,0.24155356
2018_1138_1153,0.21441074
2018_1138_1155,0.23983146
2018_1138_1158,0.7894168
2018_1138_1166,0.24531539
2018_1138_1168,0.8877698
2018_1138_1172,0.22531867
2018_1138_1181,0.2107108
2018_1138_1196,0.23692775
2018_1138_1199,0.28782192
2018_1138_1209,0.7704713
2018_1138_1211,0.23724249
2018_1138_1222,0.25101
2018_1138_1233,0.8706859
2018_1138_1242,0.23484352
2018_1138_1243,0.28483474
2018_1138_1246,0.25728384
2018_1138_1252,0.89181584
2018_1138_1254,0.9260292
2018_1138_1260,0.25908497
2018_1138_1267,0.79392916
2018_1138_1274,0.24281372
2018_1138_1276,0.24265875
2018_1138_1277,0.21535921
2018_1138_1281,0.22739668
2018_1138_1285,0.58722246
2018_1138_1293,0.34929645
2018_1138_1300,0.91418856
2018_1138_1301,0.23373224
2018_1138_1305,0.24128148
2018_1138_1308,0.23909757
2018_1138_1314,0.23953627
2018_1138_1326,0.2447285
2018_1138_1328,0.21124679
2018_1138_1335,0.8292202
2018_1138_1344,0.21575005
2018_1138_1345,0.22601193
2018_1138_1347,0.9072765
2018_1138_1348,0.2774365
2018_1138_1355,0.37792945
2018_1138_1361,0.21143138
2018_1138_1371,0.24125552
2018_1138_1372,0.79340535
2018_1138_1382,0.34835583
2018_1138_1393,0.2447267
2018_1138_1395,0.23824543
2018_1138_1397,0.26123512
2018_1138_1400,0.2872795
2018_1138_1401,0.24160868
2018_1138_1403,0.26045957
2018_1138_1411,0.9260889
2018_1138_1417,0.22123882
2018_1138_1420,0.9037029
2018_1138_1422,0.6669982
2018_1138_1437,0.18018807
2018_1138_1438,0.18165423
2018_1138_1439,0.25689662
2018_1138_1452,0.2608149
2018_1138_1455,0.24796018
2018_1138_1460,0.857016
2018_1138_1462,0.2609082
2018_1139_1153,0.17868197
2018_1139_1155,0.29552636
2018_1139_1158,0.8374316
2018_1139_1166,0.54574084
2018_1139_1168,0.8521428
2018_1139_1172,0.6285433
2018_1139_1181,0.17716974
2018_1139_1196,0.344014
2018_1139_1199,0.6580628
2018_1139_1209,0.83592856
2018_1139_1211,0.18950376
2018_1139_1222,0.26088464
2018_1139_1233,0.84590924
2018_1139_1242,0.18800747
2018_1139_1243,0.6620353
2018_1139_1246,0.24572021
2018_1139_1252,0.85382295
2018_1139_1254,0.8779354
2018_1139_1260,0.607861
2018_1139_1267,0.8376392
2018_1139_1274,0.51875603
2018_1139_1276,0.19307233
2018_1139_1277,0.17908777
2018_1139_1281,0.60614
2018_1139_1285,0.78845274
2018_1139_1293,0.69529504
2018_1139_1300,0.8845877
2018_1139_1301,0.6056877
2018_1139_1305,0.47450674
2018_1139_1308,0.6389123
2018_1139_1314,0.19109333
2018_1139_1326,0.27778035
2018_1139_1328,0.6135112
2018_1139_1335,0.8397464
2018_1139_1344,0.62098557
2018_1139_1345,0.1834458
2018_1139_1347,0.8609572
2018_1139_1348,0.6197929
2018_1139_1355,0.7081538
2018_1139_1361,0.61503065
2018_1139_1371,0.46310082
2018_1139_1372,0.83751416
2018_1139_1382,0.69485676
2018_1139_1393,0.6429556
2018_1139_1395,0.36262706
2018_1139_1397,0.22348697
2018_1139_1400,0.6607851
2018_1139_1401,0.49299744
2018_1139_1403,0.23194951
2018_1139_1411,0.8785282
2018_1139_1417,0.60803926
2018_1139_1420,0.85922927
2018_1139_1422,0.81663406
2018_1139_1437,0.16556567
2018_1139_1438,0.16631974
2018_1139_1439,0.6003074
2018_1139_1452,0.21888469
2018_1139_1455,0.26793098
2018_1139_1460,0.8432878
2018_1139_1462,0.21958621
2018_1153_1155,0.7130545
2018_1153_1158,0.87395096
2018_1153_1166,0.8085663
2018_1153_1168,0.9117813
2018_1153_1172,0.79528505
2018_1153_1181,0.5024144
2018_1153_1196,0.7559773
2018_1153_1199,0.751643
2018_1153_1209,0.8713434
2018_1153_1211,0.55727786
2018_1153_1222,0.6765204
2018_1153_1233,0.8936644
2018_1153_1242,0.55177134
2018_1153_1243,0.7656189
2018_1153_1246,0.65893036
2018_1153_1252,0.9152
2018_1153_1254,0.90818864
2018_1153_1260,0.7386165
2018_1153_1267,0.87446445
2018_1153_1274,0.8075378
2018_1153_1276,0.5693316
2018_1153_1277,0.5119202
2018_1153_1281,0.74979275
2018_1153_1285,0.7588557
2018_1153_1293,0.7955694
2018_1153_1300,0.8886243
2018_1153_1301,0.7463873
2018_1153_1305,0.803055
2018_1153_1308,0.79712254
2018_1153_1314,0.5627363
2018_1153_1326,0.69479287
2018_1153_1328,0.77389693
2018_1153_1335,0.87567496
2018_1153_1344,0.78890777
2018_1153_1345,0.5327753
2018_1153_1347,0.92077386
2018_1153_1348,0.7372756
2018_1153_1355,0.7948212
2018_1153_1361,0.77675676
2018_1153_1371,0.8013908
2018_1153_1372,0.87439954
2018_1153_1382,0.7954448
2018_1153_1393,0.79680306
2018_1153_1395,0.76843864
2018_1153_1397,0.63088757
2018_1153_1400,0.75585586
2018_1153_1401,0.80528617
2018_1153_1403,0.64246076
2018_1153_1411,0.90620977
2018_1153_1417,0.75472593
2018_1153_1420,0.91994655
2018_1153_1422,0.8042128
2018_1153_1437,0.44548154
2018_1153_1438,0.44891822
2018_1153_1439,0.80527973
2018_1153_1452,0.6242118
2018_1153_1455,0.68444324
2018_1153_1460,0.88331413
2018_1153_1462,0.62530833
2018_1155_1158,0.8774107
2018_1155_1166,0.722527
2018_1155_1168,0.89706093
2018_1155_1172,0.7037397
2018_1155_1181,0.28492546
2018_1155_1196,0.5751809
2018_1155_1199,0.7185614
2018_1155_1209,0.8691204
2018_1155_1211,0.3105363
2018_1155_1222,0.43565416
2018_1155_1233,0.89842236
2018_1155_1242,0.30759993
2018_1155_1243,0.73579973
2018_1155_1246,0.40924388
2018_1155_1252,0.89496547
2018_1155_1254,0.8786711
2018_1155_1260,0.6808559
2018_1155_1267,0.879283
2018_1155_1274,0.70961726
2018_1155_1276,0.31742233
2018_1155_1277,0.28914148
2018_1155_1281,0.6875298
2018_1155_1285,0.8011131
2018_1155_1293,0.7006732
2018_1155_1300,0.87990963
2018_1155_1301,0.68543375
2018_1155_1305,0.6854794
2018_1155_1308,0.7055136
2018_1155_1314,0.3136054
2018_1155_1326,0.46611437
2018_1155_1328,0.69814485
2018_1155_1335,0.890778
2018_1155_1344,0.7022906
2018_1155_1345,0.2983669
2018_1155_1347,0.8839833
2018_1155_1348,0.684788
2018_1155_1355,0.7145732
2018_1155_1361,0.6992988
2018_1155_1371,0.67851794
2018_1155_1372,0.87911254
2018_1155_1382,0.7004343
2018_1155_1393,0.7053898
2018_1155_1395,0.59704
2018_1155_1397,0.3718425
2018_1155_1400,0.7247666
2018_1155_1401,0.6960697
2018_1155_1403,0.38632774
2018_1155_1411,0.87869245
2018_1155_1417,0.6907471
2018_1155_1420,0.8869337
2018_1155_1422,0.8156778
2018_1155_1437,0.25709766
2018_1155_1438,0.2591156
2018_1155_1439,0.7423138
2018_1155_1452,0.36397988
2018_1155_1455,0.44837108
2018_1155_1460,0.89687955
2018_1155_1462,0.36521444
2018_1158_1166,0.17855118
2018_1158_1168,0.7511437
2018_1158_1172,0.14580873
2018_1158_1181,0.13224278
2018_1158_1196,0.12828682
2018_1158_1199,0.20270427
2018_1158_1209,0.42318454
2018_1158_1211,0.13427304
2018_1158_1222,0.12813608
2018_1158_1233,0.70103234
2018_1158_1242,0.13399686
2018_1158_1243,0.20151174
2018_1158_1246,0.13134396
2018_1158_1252,0.7622063
2018_1158_1254,0.9047851
2018_1158_1260,0.20126146
2018_1158_1267,0.4964107
2018_1158_1274,0.17151447
2018_1158_1276,0.13488546
2018_1158_1277,0.13245109
2018_1158_1281,0.19279502
2018_1158_1285,0.2454078
2018_1158_1293,0.15368818
2018_1158_1300,0.91976506
2018_1158_1301,0.19535089
2018_1158_1305,0.16019492
2018_1158_1308,0.1427733
2018_1158_1314,0.13455307
2018_1158_1326,0.12576857
2018_1158_1328,0.1713843
2018_1158_1335,0.58754
2018_1158_1344,0.154659
2018_1158_1345,0.13313341
2018_1158_1347,0.8115858
2018_1158_1348,0.20338848
2018_1158_1355,0.16007987
2018_1158_1361,0.16851437
2018_1158_1371,0.15709491
2018_1158_1372,0.49475962
2018_1158_1382,0.15350822
2018_1158_1393,0.14239234
2018_1158_1395,0.13136938
2018_1158_1397,0.1351629
2018_1158_1400,0.20235276
2018_1158_1401,0.1650271
2018_1158_1403,0.13379587
2018_1158_1411,0.90572983
2018_1158_1417,0.18921292
2018_1158_1420,0.7964213
2018_1158_1422,0.30267256
2018_1158_1437,0.1334961
2018_1158_1438,0.13332583
2018_1158_1439,0.19015488
2018_1158_1452,0.13563216
2018_1158_1455,0.12688673
2018_1158_1460,0.6604469
2018_1158_1462,0.13555175
2018_1166_1168,0.8486451
2018_1166_1172,0.6196846
2018_1166_1181,0.17078334
2018_1166_1196,0.30589634
2018_1166_1199,0.6346918
2018_1166_1209,0.8191393
2018_1166_1211,0.18005006
2018_1166_1222,0.23450327
2018_1166_1233,0.84036463
2018_1166_1242,0.17895773
2018_1166_1243,0.63385296
2018_1166_1246,0.22247185
2018_1166_1252,0.85086894
2018_1166_1254,0.88023335
2018_1166_1260,0.587786
2018_1166_1267,0.8226519
2018_1166_1274,0.46241686
2018_1166_1276,0.18269181
2018_1166_1277,0.17221852
2018_1166_1281,0.58648145
2018_1166_1285,0.78212565
2018_1166_1293,0.68746364
2018_1166_1300,0.88507605
2018_1166_1301,0.5858833
2018_1166_1305,0.4210304
2018_1166_1308,0.6313488
2018_1166_1314,0.18119837
2018_1166_1326,0.24823602
2018_1166_1328,0.596382
2018_1166_1335,0.82901764
2018_1166_1344,0.6082046
2018_1166_1345,0.17556147
2018_1166_1347,0.8600005
2018_1166_1348,0.5997109
2018_1166_1355,0.70418376
2018_1166_1361,0.5984171
2018_1166_1371,0.4109404
2018_1166_1372,0.82250303
2018_1166_1382,0.6870092
2018_1166_1393,0.63518304
2018_1166_1395,0.32270902
2018_1166_1397,0.20541692
2018_1166_1400,0.6359791
2018_1166_1401,0.43782386
2018_1166_1403,0.21188705
2018_1166_1411,0.8806783
2018_1166_1417,0.58869624
2018_1166_1420,0.85770774
2018_1166_1422,0.80280244
2018_1166_1437,0.16188948
2018_1166_1438,0.16240555
2018_1166_1439,0.5518082
2018_1166_1452,0.2019587
2018_1166_1455,0.24019228
2018_1166_1460,0.8359479
2018_1166_1462,0.20249543
2018_1168_1172,0.13866895
2018_1168_1181,0.09129126
2018_1168_1196,0.12258809
2018_1168_1199,0.15497111
2018_1168_1209,0.21805248
2018_1168_1211,0.08977169
2018_1168_1222,0.09635729
2018_1168_1233,0.35139775
2018_1168_1242,0.089809515
2018_1168_1243,0.15435939
2018_1168_1246,0.09358271
2018_1168_1252,0.5210098
2018_1168_1254,0.821048
2018_1168_1260,0.15671465
2018_1168_1267,0.24063072
2018_1168_1274,0.14960524
2018_1168_1276,0.08974713
2018_1168_1277,0.090845406
2018_1168_1281,0.15582071
2018_1168_1285,0.12461557
2018_1168_1293,0.10970801
2018_1168_1300,0.88334286
2018_1168_1301,0.15619045
2018_1168_1305,0.14618398
2018_1168_1308,0.13049471
2018_1168_1314,0.08975542
2018_1168_1326,0.1006044
2018_1168_1328,0.15190387
2018_1168_1335,0.2778162
2018_1168_1344,0.14638735
2018_1168_1345,0.09011872
2018_1168_1347,0.6354812
2018_1168_1348,0.15635362
2018_1168_1355,0.11074575
2018_1168_1361,0.15124679
2018_1168_1371,0.14506917
2018_1168_1372,0.24017185
2018_1168_1382,0.10968468
2018_1168_1393,0.12763847
2018_1168_1395,0.12794322
2018_1168_1397,0.09128242
2018_1168_1400,0.15476
2018_1168_1401,0.1477614
2018_1168_1403,0.09203233
2018_1168_1411,0.8246034
2018_1168_1417,0.15529895
2018_1168_1420,0.60650545
2018_1168_1422,0.1399533
2018_1168_1437,0.09636787
2018_1168_1438,0.096031286
2018_1168_1439,0.15295967
2018_1168_1452,0.09095008
2018_1168_1455,0.098066375
2018_1168_1460,0.3202103
2018_1168_1462,0.091001935
2018_1172_1181,0.20012596
2018_1172_1196,0.31140134
2018_1172_1199,0.40014946
2018_1172_1209,0.86775506
2018_1172_1211,0.21411407
2018_1172_1222,0.27299547
2018_1172_1233,0.8793952
2018_1172_1242,0.21253172
2018_1172_1243,0.40386853
2018_1172_1246,0.26365647
2018_1172_1252,0.87904257
2018_1172_1254,0.8905713
2018_1172_1260,0.34401914
2018_1172_1267,0.8720594
2018_1172_1274,0.37409896
2018_1172_1276,0.21797156
2018_1172_1277,0.20229553
2018_1172_1281,0.3500212
2018_1172_1285,0.81472045
2018_1172_1293,0.6962767
2018_1172_1300,0.8915537
2018_1172_1301,0.3453518
2018_1172_1305,0.3637615
2018_1172_1308,0.5498068
2018_1172_1314,0.21573383
2018_1172_1326,0.28166708
2018_1172_1328,0.4035225
2018_1172_1335,0.8774777
2018_1172_1344,0.46041557
2018_1172_1345,0.2074342
2018_1172_1347,0.88219243
2018_1172_1348,0.36361614
2018_1172_1355,0.72389126
2018_1172_1361,0.41292244
2018_1172_1371,0.36052006
2018_1172_1372,0.87200975
2018_1172_1382,0.69512427
2018_1172_1393,0.56254506
2018_1172_1395,0.3200594
2018_1172_1397,0.24749108
2018_1172_1400,0.40212217
2018_1172_1401,0.36843282
2018_1172_1403,0.2544275
2018_1172_1411,0.8907886
2018_1172_1417,0.35954773
2018_1172_1420,0.8810807
2018_1172_1422,0.8393934
2018_1172_1437,0.18677533
2018_1172_1438,0.18760261
2018_1172_1439,0.3895278
2018_1172_1452,0.24363796
2018_1172_1455,0.2768679
2018_1172_1460,0.87903017
2018_1172_1462,0.24430321
2018_1181_1196,0.7590494
2018_1181_1199,0.7522628
2018_1181_1209,0.87182593
2018_1181_1211,0.5639035
2018_1181_1222,0.6800651
2018_1181_1233,0.892755
2018_1181_1242,0.55863875
2018_1181_1243,0.7660008
2018_1181_1246,0.6624486
2018_1181_1252,0.9148904
2018_1181_1254,0.909713
2018_1181_1260,0.73971945
2018_1181_1267,0.87507224
2018_1181_1274,0.80873317
2018_1181_1276,0.5753777
2018_1181_1277,0.51968694
2018_1181_1281,0.7508512
2018_1181_1285,0.7593375
2018_1181_1293,0.7970958
2018_1181_1300,0.88903856
2018_1181_1301,0.74746007
2018_1181_1305,0.8044887
2018_1181_1308,0.79891706
2018_1181_1314,0.5691055
2018_1181_1326,0.6983731
2018_1181_1328,0.7749876
2018_1181_1335,0.8763387
2018_1181_1344,0.79021263
2018_1181_1345,0.54028606
2018_1181_1347,0.9208827
2018_1181_1348,0.7383195
2018_1181_1355,0.7967446
2018_1181_1361,0.7778675
2018_1181_1371,0.8028973
2018_1181_1372,0.8750032
2018_1181_1382,0.7969682
2018_1181_1393,0.798656
2018_1181_1395,0.77119464
2018_1181_1397,0.6346142
2018_1181_1400,0.75638986
2018_1181_1401,0.8066148
2018_1181_1403,0.6460511
2018_1181_1411,0.90774167
2018_1181_1417,0.7557669
2018_1181_1420,0.92005736
2018_1181_1422,0.80132324
2018_1181_1437,0.45141062
2018_1181_1438,0.45496726
2018_1181_1439,0.8059737
2018_1181_1452,0.62806207
2018_1181_1455,0.6880088
2018_1181_1460,0.8829072
2018_1181_1462,0.62913656
2018_1196_1199,0.704653
2018_1196_1209,0.869991
2018_1196_1211,0.26493114
2018_1196_1222,0.37281805
2018_1196_1233,0.88215876
2018_1196_1242,0.26211116
2018_1196_1243,0.71973044
2018_1196_1246,0.3520097
2018_1196_1252,0.87527174
2018_1196_1254,0.87665534
2018_1196_1260,0.66068614
2018_1196_1267,0.8763405
2018_1196_1274,0.6636972
2018_1196_1276,0.2714968
2018_1196_1277,0.2447286
2018_1196_1281,0.66389465
2018_1196_1285,0.78660923
2018_1196_1293,0.7076469
2018_1196_1300,0.8792327
2018_1196_1301,0.6626432
2018_1196_1305,0.6344617
2018_1196_1308,0.67754656
2018_1196_1314,0.26788768
2018_1196_1326,0.39581093
2018_1196_1328,0.6714549
2018_1196_1335,0.8832786
2018_1196_1344,0.6761741
2018_1196_1345,0.25332338
2018_1196_1347,0.872145
2018_1196_1348,0.66714007
2018_1196_1355,0.72970456
2018_1196_1361,0.6726269
2018_1196_1371,0.62624294
2018_1196_1372,0.8762059
2018_1196_1382,0.70721895
2018_1196_1393,0.6769884
2018_1196_1395,0.5236599
2018_1196_1397,0.3206651
2018_1196_1400,0.71044654
2018_1196_1401,0.6470897
2018_1196_1403,0.33296254
2018_1196_1411,0.8767815
2018_1196_1417,0.6662294
2018_1196_1420,0.8725609
2018_1196_1422,0.8173424
2018_1196_1437,0.21672271
2018_1196_1438,0.21841644
2018_1196_1439,0.7097948
2018_1196_1452,0.31384504
2018_1196_1455,0.38247225
2018_1196_1460,0.88462746
2018_1196_1462,0.3149099
2018_1199_1209,0.7992109
2018_1199_1211,0.22624883
2018_1199_1222,0.2479556
2018_1199_1233,0.8409853
2018_1199_1242,0.22583798
2018_1199_1243,0.46490046
2018_1199_1246,0.24329257
2018_1199_1252,0.85492635
2018_1199_1254,0.8835046
2018_1199_1260,0.51016814
2018_1199_1267,0.8074816
2018_1199_1274,0.32598436
2018_1199_1276,0.22749335
2018_1199_1277,0.22181039
2018_1199_1281,0.5296845
2018_1199_1285,0.7394695
2018_1199_1293,0.6777085
2018_1199_1300,0.8880066
2018_1199_1301,0.52399504
2018_1199_1305,0.31004536
2018_1199_1308,0.6170145
2018_1199_1314,0.2265872
2018_1199_1326,0.25211656
2018_1199_1328,0.56278116
2018_1199_1335,0.82181543
2018_1199_1344,0.58430266
2018_1199_1345,0.22410238
2018_1199_1347,0.86574924
2018_1199_1348,0.509557
2018_1199_1355,0.68952453
2018_1199_1361,0.5658628
2018_1199_1371,0.3062137
2018_1199_1372,0.8073322
2018_1199_1382,0.67753065
2018_1199_1393,0.62211645
2018_1199_1395,0.27577436
2018_1199_1397,0.23766892
2018_1199_1400,0.48471373
2018_1199_1401,0.3163465
2018_1199_1403,0.24052837
2018_1199_1411,0.8838579
2018_1199_1417,0.53648305
2018_1199_1420,0.86316323
2018_1199_1422,0.76184386
2018_1199_1437,0.21507336
2018_1199_1438,0.21514758
2018_1199_1439,0.3705653
2018_1199_1452,0.23644319
2018_1199_1455,0.25013837
2018_1199_1460,0.8338235
2018_1199_1462,0.23675312
2018_1209_1211,0.13853472
2018_1209_1222,0.13696317
2018_1209_1233,0.7216696
2018_1209_1242,0.13833234
2018_1209_1243,0.20816681
2018_1209_1246,0.13984096
2018_1209_1252,0.77407783
2018_1209_1254,0.9076134
2018_1209_1260,0.20689586
2018_1209_1267,0.54358125
2018_1209_1274,0.17432389
2018_1209_1276,0.13908939
2018_1209_1277,0.13802129
2018_1209_1281,0.19637272
2018_1209_1285,0.268225
2018_1209_1293,0.16159144
2018_1209_1300,0.92317075
2018_1209_1301,0.19949862
2018_1209_1305,0.16247313
2018_1209_1308,0.14706664
2018_1209_1314,0.1387722
2018_1209_1326,0.13401665
2018_1209_1328,0.17215927
2018_1209_1335,0.6202007
2018_1209_1344,0.15608697
2018_1209_1345,0.13792554
2018_1209_1347,0.82840973
2018_1209_1348,0.20977582
2018_1209_1355,0.1696334
2018_1209_1361,0.16922323
2018_1209_1371,0.15932871
2018_1209_1372,0.54247147
2018_1209_1382,0.16137254
2018_1209_1393,0.14702095
2018_1209_1395,0.135491
2018_1209_1397,0.14194593
2018_1209_1400,0.20911266
2018_1209_1401,0.1674662
2018_1209_1403,0.1413864
2018_1209_1411,0.9084735
2018_1209_1417,0.19203717
2018_1209_1420,0.8145986
2018_1209_1422,0.3231551
2018_1209_1437,0.14291945
2018_1209_1438,0.14252427
2018_1209_1439,0.194884
2018_1209_1452,0.14197202
2018_1209_1455,0.13555329
2018_1209_1460,0.68912274
2018_1209_1462,0.141968
2018_1211_1222,0.6529989
2018_1211_1233,0.90023136
2018_1211_1242,0.50235903
2018_1211_1243,0.7625136
2018_1211_1246,0.6350804
2018_1211_1252,0.9158369
2018_1211_1254,0.89838964
2018_1211_1260,0.73123944
2018_1211_1267,0.86906636
2018_1211_1274,0.7989647
2018_1211_1276,0.5230304
2018_1211_1277,0.46415386
2018_1211_1281,0.74279
2018_1211_1285,0.760302
2018_1211_1293,0.78411126
2018_1211_1300,0.8862924
2018_1211_1301,0.7392907
2018_1211_1305,0.79274815
2018_1211_1308,0.78444964
2018_1211_1314,0.51496506
2018_1211_1326,0.6711762
2018_1211_1328,0.76638025
2018_1211_1335,0.87347996
2018_1211_1344,0.7796066
2018_1211_1345,0.4828663
2018_1211_1347,0.92021435
2018_1211_1348,0.73020166
2018_1211_1355,0.7800631
2018_1211_1361,0.7690523
2018_1211_1371,0.7905357
2018_1211_1372,0.8690239
2018_1211_1382,0.7840199
2018_1211_1393,0.7838677
2018_1211_1395,0.74893427
2018_1211_1397,0.60389453
2018_1211_1400,0.75189507
2018_1211_1401,0.79575837
2018_1211_1403,0.6172617
2018_1211_1411,0.8967951
2018_1211_1417,0.7478201
2018_1211_1420,0.9191756
2018_1211_1422,0.82281256
2018_1211_1437,0.40997556
2018_1211_1438,0.4129261
2018_1211_1439,0.79990906
2018_1211_1452,0.5957661
2018_1211_1455,0.66088814
2018_1211_1460,0.8881011
2018_1211_1462,0.5971186
2018_1222_1233,0.9041247
2018_1222_1242,0.34538466
2018_1222_1243,0.7449732
2018_1222_1246,0.46792033
2018_1222_1252,0.90711933
2018_1222_1254,0.8809427
2018_1222_1260,0.6953062
2018_1222_1267,0.87410426
2018_1222_1274,0.74062485
2018_1222_1276,0.3566027
2018_1222_1277,0.32490477
2018_1222_1281,0.7045189
2018_1222_1285,0.8087284
2018_1222_1293,0.7124564
2018_1222_1300,0.8808607
2018_1222_1301,0.7017558
2018_1222_1305,0.72122204
2018_1222_1308,0.72608095
2018_1222_1314,0.35219908
2018_1222_1326,0.5355338
2018_1222_1328,0.7190027
2018_1222_1335,0.8922521
2018_1222_1344,0.72366166
2018_1222_1345,0.33503386
2018_1222_1347,0.8990632
2018_1222_1348,0.69730526
2018_1222_1355,0.71288115
2018_1222_1361,0.72039276
2018_1222_1371,0.7152809
2018_1222_1372,0.87387705
2018_1222_1382,0.7123873
2018_1222_1393,0.72644895
2018_1222_1395,0.64267874
2018_1222_1397,0.4206742
2018_1222_1400,0.7331241
2018_1222_1401,0.72998184
2018_1222_1403,0.43861338
2018_1222_1411,0.88084465
2018_1222_1417,0.70851916
2018_1222_1420,0.90262127
2018_1222_1422,0.8258622
2018_1222_1437,0.29196113
2018_1222_1438,0.29393804
2018_1222_1439,0.7625849
2018_1222_1452,0.41120148
2018_1222_1455,0.5164862
2018_1222_1460,0.90067834
2018_1222_1462,0.41268855
2018_1233_1242,0.10098632
2018_1233_1243,0.16578843
2018_1233_1246,0.09807009
2018_1233_1252,0.6112967
2018_1233_1254,0.85648274
2018_1233_1260,0.16785751
2018_1233_1267,0.29036984
2018_1233_1274,0.15674852
2018_1233_1276,0.09937332
2018_1233_1277,0.10474207
2018_1233_1281,0.16573396
2018_1233_1285,0.14307323
2018_1233_1293,0.11910612
2018_1233_1300,0.8990943
2018_1233_1301,0.1664513
2018_1233_1305,0.15137805
2018_1233_1308,0.12955807
2018_1233_1314,0.10001828
2018_1233_1326,0.10186705
2018_1233_1328,0.15876867
2018_1233_1335,0.33507404
2018_1233_1344,0.1489866
2018_1233_1345,0.102763705
2018_1233_1347,0.72045934
2018_1233_1348,0.16788124
2018_1233_1355,0.121381365
2018_1233_1361,0.15756717
2018_1233_1371,0.14969085
2018_1233_1372,0.2898732
2018_1233_1382,0.11904023
2018_1233_1393,0.12697421
2018_1233_1395,0.12636834
2018_1233_1397,0.096772
2018_1233_1400,0.16625752
2018_1233_1401,0.15380861
2018_1233_1403,0.09715617
2018_1233_1411,0.85940725
2018_1233_1417,0.16474372
2018_1233_1420,0.6971618
2018_1233_1422,0.17510146
2018_1233_1437,0.109581955
2018_1233_1438,0.10945856
2018_1233_1439,0.16315483
2018_1233_1452,0.09665659
2018_1233_1455,0.100455955
2018_1233_1460,0.3906866
2018_1233_1462,0.09666652
2018_1242_1243,0.76273024
2018_1242_1246,0.63823193
2018_1242_1252,0.91586566
2018_1242_1254,0.8994748
2018_1242_1260,0.73218435
2018_1242_1267,0.86981976
2018_1242_1274,0.80011463
2018_1242_1276,0.52935684
2018_1242_1277,0.4697094
2018_1242_1281,0.74376506
2018_1242_1285,0.75971186
2018_1242_1293,0.78563946
2018_1242_1300,0.88654226
2018_1242_1301,0.7402619
2018_1242_1305,0.79415756
2018_1242_1308,0.7860437
2018_1242_1314,0.52135336
2018_1242_1326,0.6742285
2018_1242_1328,0.7674569
2018_1242_1335,0.8735225
2018_1242_1344,0.7808779
2018_1242_1345,0.48892948
2018_1242_1347,0.92027456
2018_1242_1348,0.73105365
2018_1242_1355,0.7820045
2018_1242_1361,0.7701504
2018_1242_1371,0.79202706
2018_1242_1372,0.86977714
2018_1242_1382,0.7855434
2018_1242_1393,0.78547335
2018_1242_1395,0.7515949
2018_1242_1397,0.6076438
2018_1242_1400,0.75222886
2018_1242_1401,0.7970511
2018_1242_1403,0.6206818
2018_1242_1411,0.89779973
2018_1242_1417,0.7487989
2018_1242_1420,0.9192637
2018_1242_1422,0.8209275
2018_1242_1437,0.41421854
2018_1242_1438,0.41720772
2018_1242_1439,0.8005733
2018_1242_1452,0.5997707
2018_1242_1455,0.66393685
2018_1242_1460,0.88738346
2018_1242_1462,0.6010786
2018_1243_1246,0.22498061
2018_1243_1252,0.85427445
2018_1243_1254,0.88296896
2018_1243_1260,0.51986384
2018_1243_1267,0.80565554
2018_1243_1274,0.3255723
2018_1243_1276,0.21111417
2018_1243_1277,0.20677103
2018_1243_1281,0.5297417
2018_1243_1285,0.73927766
2018_1243_1293,0.6749494
2018_1243_1300,0.8875443
2018_1243_1301,0.5260596
2018_1243_1305,0.30498233
2018_1243_1308,0.60821337
2018_1243_1314,0.21036975
2018_1243_1326,0.23401874
2018_1243_1328,0.5563372
2018_1243_1335,0.8202615
2018_1243_1344,0.57642865
2018_1243_1345,0.20860901
2018_1243_1347,0.8652358
2018_1243_1348,0.52590567
2018_1243_1355,0.68825775
2018_1243_1361,0.55951023
2018_1243_1371,0.3001096
2018_1243_1372,0.8055015
2018_1243_1382,0.6746037
2018_1243_1393,0.61338526
2018_1243_1395,0.2613666
2018_1243_1397,0.21966533
2018_1243_1400,0.5119433
2018_1243_1401,0.3131433
2018_1243_1403,0.22227739
2018_1243_1411,0.88333327
2018_1243_1417,0.5352552
2018_1243_1420,0.86262137
2018_1243_1422,0.7606745
2018_1243_1437,0.20176898
2018_1243_1438,0.20171055
2018_1243_1439,0.3814836
2018_1243_1452,0.2185838
2018_1243_1455,0.23178293
2018_1243_1460,0.8326096
2018_1243_1462,0.21886243
2018_1246_1252,0.910658
2018_1246_1254,0.88243604
2018_1246_1260,0.7021185
2018_1246_1267,0.8690908
2018_1246_1274,0.75373083
2018_1246_1276,0.3785897
2018_1246_1277,0.34409732
2018_1246_1281,0.7121331
2018_1246_1285,0.8070118
2018_1246_1293,0.7240182
2018_1246_1300,0.8814622
2018_1246_1301,0.70911217
2018_1246_1305,0.7369162
2018_1246_1308,0.73606807
2018_1246_1314,0.3738064
2018_1246_1326,0.5673965
2018_1246_1328,0.7288476
2018_1246_1335,0.89071286
2018_1246_1344,0.73458266
2018_1246_1345,0.3551467
2018_1246_1347,0.90669364
2018_1246_1348,0.7035338
2018_1246_1355,0.71902275
2018_1246_1361,0.73046637
2018_1246_1371,0.7315919
2018_1246_1372,0.8688563
2018_1246_1382,0.7240054
2018_1246_1393,0.7364079
2018_1246_1395,0.6627455
2018_1246_1397,0.44948938
2018_1246_1400,0.73738956
2018_1246_1401,0.7446203
2018_1246_1403,0.47013485
2018_1246_1411,0.8822544
2018_1246_1417,0.7164763
2018_1246_1420,0.9091172
2018_1246_1422,0.8313303
2018_1246_1437,0.30889615
2018_1246_1438,0.31093127
2018_1246_1439,0.7710814
2018_1246_1452,0.43867812
2018_1246_1455,0.5506666
2018_1246_1460,0.9016409
2018_1246_1462,0.4403726
2018_1252_1254,0.81404907
2018_1252_1260,0.15373702
2018_1252_1267,0.22621687
2018_1252_1274,0.14768912
2018_1252_1276,0.088228084
2018_1252_1277,0.088319585
2018_1252_1281,0.15304562
2018_1252_1285,0.12045439
2018_1252_1293,0.10752853
2018_1252_1300,0.8755726
2018_1252_1301,0.15335542
2018_1252_1305,0.14479832
2018_1252_1308,0.13056968
2018_1252_1314,0.08816304
2018_1252_1326,0.101563424
2018_1252_1328,0.14964134
2018_1252_1335,0.26294193
2018_1252_1344,0.14491403
2018_1252_1345,0.08808456
2018_1252_1347,0.60932213
2018_1252_1348,0.15332933
2018_1252_1355,0.10814687
2018_1252_1361,0.14907275
2018_1252_1371,0.14383888
2018_1252_1372,0.22572665
2018_1252_1382,0.10752018
2018_1252_1393,0.12775066
2018_1252_1395,0.1286595
2018_1252_1397,0.090151995
2018_1252_1400,0.15178789
2018_1252_1401,0.14614472
2018_1252_1403,0.09107111
2018_1252_1411,0.8167566
2018_1252_1417,0.15260294
2018_1252_1420,0.58420205
2018_1252_1422,0.13326931
2018_1252_1437,0.0921143
2018_1252_1438,0.09181265
2018_1252_1439,0.15021071
2018_1252_1452,0.08976371
2018_1252_1455,0.098635025
2018_1252_1460,0.30260363
2018_1252_1462,0.08982422
2018_1254_1260,0.12581253
2018_1254_1267,0.095305465
2018_1254_1274,0.123919025
2018_1254_1276,0.10312136
2018_1254_1277,0.09438501
2018_1254_1281,0.12630205
2018_1254_1285,0.08605505
2018_1254_1293,0.11285745
2018_1254_1300,0.67424005
2018_1254_1301,0.1262163
2018_1254_1305,0.12442761
2018_1254_1308,0.12358576
2018_1254_1314,0.102018796
2018_1254_1326,0.12165437
2018_1254_1328,0.12637998
2018_1254_1335,0.10063638
2018_1254_1344,0.12581192
2018_1254_1345,0.097562164
2018_1254_1347,0.19611624
2018_1254_1348,0.12537543
2018_1254_1355,0.10588683
2018_1254_1361,0.12633507
2018_1254_1371,0.12465246
2018_1254_1372,0.09525758
2018_1254_1382,0.11299897
2018_1254_1393,0.123064905
2018_1254_1395,0.12561464
2018_1254_1397,0.114191614
2018_1254_1400,0.124777384
2018_1254_1401,0.12414399
2018_1254_1403,0.116061606
2018_1254_1411,0.48333892
2018_1254_1417,0.12639154
2018_1254_1420,0.18706386
2018_1254_1422,0.08690611
2018_1254_1437,0.08379888
2018_1254_1438,0.08428275
2018_1254_1439,0.124140814
2018_1254_1452,0.11305541
2018_1254_1455,0.120846234
2018_1254_1460,0.10928723
2018_1254_1462,0.11325846
2018_1260_1267,0.81815076
2018_1260_1274,0.39163285
2018_1260_1276,0.26230285
2018_1260_1277,0.2527627
2018_1260_1281,0.5550176
2018_1260_1285,0.7734189
2018_1260_1293,0.7376851
2018_1260_1300,0.8879828
2018_1260_1301,0.5420685
2018_1260_1305,0.37763265
2018_1260_1308,0.6907489
2018_1260_1314,0.26098594
2018_1260_1326,0.303557
2018_1260_1328,0.62012583
2018_1260_1335,0.8291069
2018_1260_1344,0.6538266
2018_1260_1345,0.2560505
2018_1260_1347,0.8666513
2018_1260_1348,0.47933522
2018_1260_1355,0.74437433
2018_1260_1361,0.62633634
2018_1260_1371,0.3739487
2018_1260_1372,0.8180824
2018_1260_1382,0.73792064
2018_1260_1393,0.6956509
2018_1260_1395,0.3385167
2018_1260_1397,0.27925646
2018_1260_1400,0.47854534
2018_1260_1401,0.3834172
2018_1260_1403,0.2835371
2018_1260_1411,0.8839931
2018_1260_1417,0.57160914
2018_1260_1420,0.8642251
2018_1260_1422,0.7872744
2018_1260_1437,0.24175555
2018_1260_1438,0.24230307
2018_1260_1439,0.42329106
2018_1260_1452,0.27698532
2018_1260_1455,0.29963887
2018_1260_1460,0.83865976
2018_1260_1462,0.2773794
2018_1267_1274,0.17092076
2018_1267_1276,0.13380595
2018_1267_1277,0.1313101
2018_1267_1281,0.19169456
2018_1267_1285,0.23947456
2018_1267_1293,0.15178247
2018_1267_1300,0.91896224
2018_1267_1301,0.1941257
2018_1267_1305,0.15978086
2018_1267_1308,0.14172046
2018_1267_1314,0.13351378
2018_1267_1326,0.123805046
2018_1267_1328,0.17101021
2018_1267_1335,0.5792333
2018_1267_1344,0.15425807
2018_1267_1345,0.13211711
2018_1267_1347,0.8066984
2018_1267_1348,0.20170018
2018_1267_1355,0.15783873
2018_1267_1361,0.1681773
2018_1267_1371,0.15670376
2018_1267_1372,0.47882894
2018_1267_1382,0.15161084
2018_1267_1393,0.14125277
2018_1267_1395,0.13048787
2018_1267_1397,0.13323876
2018_1267_1400,0.20060849
2018_1267_1401,0.1645533
2018_1267_1403,0.13166875
2018_1267_1411,0.9049514
2018_1267_1417,0.18828261
2018_1267_1420,0.79232866
2018_1267_1422,0.29735306
2018_1267_1437,0.1314779
2018_1267_1438,0.13135971
2018_1267_1439,0.18899508
2018_1267_1452,0.13382898
2018_1267_1455,0.12475095
2018_1267_1460,0.6518582
2018_1267_1462,0.13372745
2018_1274_1276,0.18689887
2018_1274_1277,0.17478676
2018_1274_1281,0.59664524
2018_1274_1285,0.78622395
2018_1274_1293,0.69046015
2018_1274_1300,0.88486737
2018_1274_1301,0.5961827
2018_1274_1305,0.4468881
2018_1274_1308,0.63547665
2018_1274_1314,0.18517989
2018_1274_1326,0.26214108
2018_1274_1328,0.60486275
2018_1274_1335,0.8340641
2018_1274_1344,0.61424565
2018_1274_1345,0.17859778
2018_1274_1347,0.8602213
2018_1274_1348,0.6109436
2018_1274_1355,0.7052255
2018_1274_1361,0.60658807
2018_1274_1371,0.43610266
2018_1274_1372,0.82977515
2018_1274_1382,0.6900142
2018_1274_1393,0.63955927
2018_1274_1395,0.34230158
2018_1274_1397,0.21335545
2018_1274_1400,0.6495425
2018_1274_1401,0.46468228
2018_1274_1403,0.22082634
2018_1274_1411,0.8797544
2018_1274_1417,0.598632
2018_1274_1420,0.8582463
2018_1274_1422,0.8107356
2018_1274_1437,0.16293289
2018_1274_1438,0.16357112
2018_1274_1439,0.5767529
2018_1274_1452,0.20932414
2018_1274_1455,0.25311932
2018_1274_1460,0.8393728
2018_1274_1462,0.20994173
2018_1276_1277,0.4517625
2018_1276_1281,0.7405802
2018_1276_1285,0.7623794
2018_1276_1293,0.7802678
2018_1276_1300,0.8857227
2018_1276_1301,0.7370764
2018_1276_1305,0.78935164
2018_1276_1308,0.78056777
2018_1276_1314,0.50010866
2018_1276_1326,0.66406465
2018_1276_1328,0.7638987
2018_1276_1335,0.87368155
2018_1276_1344,0.7765661
2018_1276_1345,0.46926245
2018_1276_1347,0.9200482
2018_1276_1348,0.7281232
2018_1276_1355,0.77517
2018_1276_1361,0.7665069
2018_1276_1371,0.786943
2018_1276_1372,0.8672181
2018_1276_1382,0.78018945
2018_1276_1393,0.7799699
2018_1276_1395,0.74265915
2018_1276_1397,0.59466547
2018_1276_1400,0.7508518
2018_1276_1401,0.79263926
2018_1276_1403,0.6089547
2018_1276_1411,0.89457923
2018_1276_1417,0.7456115
2018_1276_1420,0.9189836
2018_1276_1422,0.82701087
2018_1276_1437,0.40021884
2018_1276_1438,0.40309444
2018_1276_1439,0.79817694
2018_1276_1452,0.58584535
2018_1276_1455,0.6537544
2018_1276_1460,0.8899616
2018_1276_1462,0.5873173
2018_1277_1281,0.7495069
2018_1277_1285,0.7587542
2018_1277_1293,0.795165
2018_1277_1300,0.88852
2018_1277_1301,0.7460992
2018_1277_1305,0.80267185
2018_1277_1308,0.7966511
2018_1277_1314,0.5610115
2018_1277_1326,0.6938461
2018_1277_1328,0.77359957
2018_1277_1335,0.8755137
2018_1277_1344,0.78855693
2018_1277_1345,0.53077453
2018_1277_1347,0.9207461
2018_1277_1348,0.73700505
2018_1277_1355,0.79431134
2018_1277_1361,0.7764542
2018_1277_1371,0.8009878
2018_1277_1372,0.87423307
2018_1277_1382,0.79504114
2018_1277_1393,0.7963178
2018_1277_1395,0.76769865
2018_1277_1397,0.6298937
2018_1277_1400,0.75573075
2018_1277_1401,0.8049318
2018_1277_1403,0.641507
2018_1277_1411,0.90581286
2018_1277_1417,0.7544433
2018_1277_1420,0.9199165
2018_1277_1422,0.8049622
2018_1277_1437,0.44395402
2018_1277_1438,0.44736126
2018_1277_1439,0.80510086
2018_1277_1452,0.6231821
2018_1277_1455,0.6835011
2018_1277_1460,0.8834329
2018_1277_1462,0.6242851
2018_1281_1285,0.80193996
2018_1281_1293,0.762515
2018_1281_1300,0.88763744
2018_1281_1301,0.49111363
2018_1281_1305,0.3836911
2018_1281_1308,0.69148135
2018_1281_1314,0.25338474
2018_1281_1326,0.2997753
2018_1281_1328,0.58731997
2018_1281_1335,0.83850485
2018_1281_1344,0.63726765
2018_1281_1345,0.24849898
2018_1281_1347,0.8690376
2018_1281_1348,0.44436982
2018_1281_1355,0.7722885
2018_1281_1361,0.59713393
2018_1281_1371,0.38005993
2018_1281_1372,0.8302489
2018_1281_1382,0.7623551
2018_1281_1393,0.6984236
2018_1281_1395,0.34186697
2018_1281_1397,0.27155563
2018_1281_1400,0.46605563
2018_1281_1401,0.38939735
2018_1281_1403,0.27606818
2018_1281_1411,0.88394725
2018_1281_1417,0.52523345
2018_1281_1420,0.8669186
2018_1281_1422,0.8108283
2018_1281_1437,0.2360982
2018_1281_1438,0.2367792
2018_1281_1439,0.4266763
2018_1281_1452,0.2690679
2018_1281_1455,0.29484013
2018_1281_1460,0.84597474
2018_1281_1462,0.26944295
2018_1285_1293,0.2923694
2018_1285_1300,0.928881
2018_1285_1301,0.22660889
2018_1285_1305,0.21012709
2018_1285_1308,0.20487969
2018_1285_1314,0.24199583
2018_1285_1326,0.20766953
2018_1285_1328,0.19551215
2018_1285_1335,0.79090554
2018_1285_1344,0.19375369
2018_1285_1345,0.24077114
2018_1285_1347,0.8980581
2018_1285_1348,0.2627011
2018_1285_1355,0.3202807
2018_1285_1361,0.19462207
2018_1285_1371,0.20954676
2018_1285_1372,0.7462763
2018_1285_1382,0.29146641
2018_1285_1393,0.20793532
2018_1285_1395,0.21154992
2018_1285_1397,0.2262242
2018_1285_1400,0.26782015
2018_1285_1401,0.21166286
2018_1285_1403,0.22070326
2018_1285_1411,0.92709607
2018_1285_1417,0.21230575
2018_1285_1420,0.89404565
2018_1285_1422,0.59864485
2018_1285_1437,0.21991129
2018_1285_1438,0.22121422
2018_1285_1439,0.23624478
2018_1285_1452,0.2291121
2018_1285_1455,0.20835489
2018_1285_1460,0.82568455
2018_1285_1462,0.22857228
2018_1293_1300,0.90001434
2018_1293_1301,0.26035562
2018_1293_1305,0.30094117
2018_1293_1308,0.3371602
2018_1293_1314,0.1994475
2018_1293_1326,0.28717476
2018_1293_1328,0.26200855
2018_1293_1335,0.8720141
2018_1293_1344,0.28526613
2018_1293_1345,0.1943707
2018_1293_1347,0.91299874
2018_1293_1348,0.30729312
2018_1293_1355,0.54887944
2018_1293_1361,0.2651771
2018_1293_1371,0.30015144
2018_1293_1372,0.85418105
2018_1293_1382,0.49796802
2018_1293_1393,0.34619665
2018_1293_1395,0.30069572
2018_1293_1397,0.23092389
2018_1293_1400,0.32913265
2018_1293_1401,0.3023687
2018_1293_1403,0.24158292
2018_1293_1411,0.9020282
2018_1293_1417,0.25515893
2018_1293_1420,0.91154176
2018_1293_1422,0.7641392
2018_1293_1437,0.18354797
2018_1293_1438,0.18404713
2018_1293_1439,0.31172964
2018_1293_1452,0.22571012
2018_1293_1455,0.28030807
2018_1293_1460,0.88526237
2018_1293_1462,0.22660263
2018_1300_1301,0.122662306
2018_1300_1305,0.120865844
2018_1300_1308,0.12211675
2018_1300_1314,0.11488179
2018_1300_1326,0.12275139
2018_1300_1328,0.12309154
2018_1300_1335,0.08845746
2018_1300_1344,0.12304688
2018_1300_1345,0.112932526
2018_1300_1347,0.12976359
2018_1300_1348,0.121993005
2018_1300_1355,0.11326308
2018_1300_1361,0.1231077
2018_1300_1371,0.120857805
2018_1300_1372,0.085740894
2018_1300_1382,0.1150132
2018_1300_1393,0.12185562
2018_1300_1395,0.12296596
2018_1300_1397,0.11958484
2018_1300_1400,0.1216158
2018_1300_1401,0.120914936
2018_1300_1403,0.12032614
2018_1300_1411,0.2549979
2018_1300_1417,0.122852266
2018_1300_1420,0.122851744
2018_1300_1422,0.08266852
2018_1300_1437,0.10457266
2018_1300_1438,0.10498833
2018_1300_1439,0.1214604
2018_1300_1452,0.1191465
2018_1300_1455,0.12238769
2018_1300_1460,0.09150757
2018_1300_1462,0.11922416
2018_1301_1305,0.38384402
2018_1301_1308,0.69503736
2018_1301_1314,0.25659043
2018_1301_1326,0.30153972
2018_1301_1328,0.59788966
2018_1301_1335,0.8361749
2018_1301_1344,0.6447197
2018_1301_1345,0.25168586
2018_1301_1347,0.8682649
2018_1301_1348,0.4525541
2018_1301_1355,0.76815903
2018_1301_1361,0.6070772
2018_1301_1371,0.38016215
2018_1301_1372,0.8272641
2018_1301_1382,0.7594007
2018_1301_1393,0.70146203
2018_1301_1395,0.34205475
2018_1301_1397,0.274577
2018_1301_1400,0.470052
2018_1301_1401,0.38962263
2018_1301_1403,0.27894688
2018_1301_1411,0.8838961
2018_1301_1417,0.53803605
2018_1301_1420,0.8660684
2018_1301_1422,0.8052184
2018_1301_1437,0.2387928
2018_1301_1438,0.23945388
2018_1301_1439,0.4273929
2018_1301_1452,0.27216727
2018_1301_1455,0.2968564
2018_1301_1460,0.84411
2018_1301_1462,0.27253637
2018_1305_1308,0.6407116
2018_1305_1314,0.19537278
2018_1305_1326,0.2874442
2018_1305_1328,0.61862653
2018_1305_1335,0.84345186
2018_1305_1344,0.6252149
2018_1305_1345,0.18704641
2018_1305_1347,0.8615377
2018_1305_1348,0.6246453
2018_1305_1355,0.71056706
2018_1305_1361,0.62006074
2018_1305_1371,0.47930357
2018_1305_1372,0.8422477
2018_1305_1382,0.6981302
2018_1305_1393,0.6445471
2018_1305_1395,0.37471706
2018_1305_1397,0.23025313
2018_1305_1400,0.6667144
2018_1305_1401,0.50951874
2018_1305_1403,0.23927161
2018_1305_1411,0.87775296
2018_1305_1417,0.6134216
2018_1305_1420,0.8599389
2018_1305_1422,0.8192646
2018_1305_1437,0.16769779
2018_1305_1438,0.16852318
2018_1305_1439,0.61297596
2018_1305_1452,0.22533008
2018_1305_1455,0.27720004
2018_1305_1460,0.84588045
2018_1305_1462,0.2260799
2018_1308_1314,0.21607448
2018_1308_1326,0.27488682
2018_1308_1328,0.3703023
2018_1308_1335,0.8821247
2018_1308_1344,0.41980788
2018_1308_1345,0.20725405
2018_1308_1347,0.88585967
2018_1308_1348,0.35245076
2018_1308_1355,0.6975079
2018_1308_1361,0.37833586
2018_1308_1371,0.35618144
2018_1308_1372,0.8738696
2018_1308_1382,0.6666577
2018_1308_1393,0.5202925
2018_1308_1395,0.3182568
2018_1308_1397,0.2461002
2018_1308_1400,0.38870123
2018_1308_1401,0.3616012
2018_1308_1403,0.25187045
2018_1308_1411,0.8922711
2018_1308_1417,0.3342188
2018_1308_1420,0.88531196
2018_1308_1422,0.8341938
2018_1308_1437,0.1836633
2018_1308_1438,0.18454969
2018_1308_1439,0.37712634
2018_1308_1452,0.24277525
2018_1308_1455,0.2705231
2018_1308_1460,0.8865203
2018_1308_1462,0.24334638
2018_1314_1326,0.6680099
2018_1314_1328,0.7652285
2018_1314_1335,0.8734995
2018_1314_1344,0.7782752
2018_1314_1345,0.47677597
2018_1314_1347,0.92014796
2018_1314_1348,0.72934973
2018_1314_1355,0.7780761
2018_1314_1361,0.7678807
2018_1314_1371,0.78895634
2018_1314_1372,0.86825633
2018_1314_1382,0.7824455
2018_1314_1393,0.78224224
2018_1314_1395,0.74613047
2018_1314_1397,0.5999051
2018_1314_1400,0.75163454
2018_1314_1401,0.79439545
2018_1314_1403,0.61364883
2018_1314_1411,0.89583164
2018_1314_1417,0.7467702
2018_1314_1420,0.9190894
2018_1314_1422,0.8245636
2018_1314_1437,0.40566638
2018_1314_1438,0.4085813
2018_1314_1439,0.7992362
2018_1314_1452,0.5914894
2018_1314_1455,0.65772194
2018_1314_1460,0.8888449
2018_1314_1462,0.59289175
2018_1326_1328,0.7086412
2018_1326_1335,0.89203084
2018_1326_1344,0.71283877
2018_1326_1345,0.31623212
2018_1326_1347,0.8910568
2018_1326_1348,0.69113225
2018_1326_1355,0.7114964
2018_1326_1361,0.7098813
2018_1326_1371,0.6973138
2018_1326_1372,0.87749857
2018_1326_1382,0.70432866
2018_1326_1393,0.7161391
2018_1326_1395,0.6207857
2018_1326_1397,0.3948898
2018_1326_1400,0.72918344
2018_1326_1401,0.7135468
2018_1326_1403,0.41078815
2018_1326_1411,0.87967545
2018_1326_1417,0.6998135
2018_1326_1420,0.8947403
2018_1326_1422,0.8200595
2018_1326_1437,0.2746481
2018_1326_1438,0.27665433
2018_1326_1439,0.7529837
2018_1326_1452,0.3863467
2018_1326_1455,0.48082712
2018_1326_1460,0.89916074
2018_1326_1462,0.38768974
2018_1328_1335,0.8531876
2018_1328_1344,0.57006836
2018_1328_1345,0.22437449
2018_1328_1347,0.87459207
2018_1328_1348,0.40408584
2018_1328_1355,0.7708721
2018_1328_1361,0.51907855
2018_1328_1371,0.3703113
2018_1328_1372,0.84967136
2018_1328_1382,0.7525525
2018_1328_1393,0.65238494
2018_1328_1395,0.33495447
2018_1328_1397,0.2536945
2018_1328_1400,0.43923718
2018_1328_1401,0.37948203
2018_1328_1403,0.25984776
2018_1328_1411,0.88567996
2018_1328_1417,0.44364607
2018_1328_1420,0.8728163
2018_1328_1422,0.8361522
2018_1328_1437,0.21174575
2018_1328_1438,0.21246997
2018_1328_1439,0.4149015
2018_1328_1452,0.25039935
2018_1328_1455,0.28426594
2018_1328_1460,0.85726464
2018_1328_1462,0.25092518
2018_1335_1344,0.15182823
2018_1335_1345,0.123279765
2018_1335_1347,0.77665424
2018_1335_1348,0.18745185
2018_1335_1355,0.1410245
2018_1335_1361,0.16500686
2018_1335_1371,0.15395033
2018_1335_1372,0.37216717
2018_1335_1382,0.13687982
2018_1335_1393,0.13299672
2018_1335_1395,0.12561055
2018_1335_1397,0.11519367
2018_1335_1400,0.18599658
2018_1335_1401,0.16060024
2018_1335_1403,0.11318513
2018_1335_1411,0.8913466
2018_1335_1417,0.17947158
2018_1335_1420,0.7652574
2018_1335_1422,0.24880448
2018_1335_1437,0.12089564
2018_1335_1438,0.121072106
2018_1335_1439,0.17875722
2018_1335_1452,0.11636676
2018_1335_1455,0.11082188
2018_1335_1460,0.57541513
2018_1335_1462,0.11615096
2018_1344_1345,0.2113369
2018_1344_1347,0.87858415
2018_1344_1348,0.38223943
2018_1344_1355,0.7490781
2018_1344_1361,0.45518455
2018_1344_1371,0.36262524
2018_1344_1372,0.86470485
2018_1344_1382,0.7240801
2018_1344_1393,0.6036335
2018_1344_1395,0.32552475
2018_1344_1397,0.24745585
2018_1344_1400,0.41919667
2018_1344_1401,0.37219927
2018_1344_1403,0.2545928
2018_1344_1411,0.8885418
2018_1344_1417,0.3914647
2018_1344_1420,0.87708706
2018_1344_1422,0.8412079
2018_1344_1437,0.19475469
2018_1344_1438,0.19552009
2018_1344_1439,0.40179732
2018_1344_1452,0.24362525
2018_1344_1455,0.280185
2018_1344_1460,0.8679223
2018_1344_1462,0.24427088
2018_1345_1347,0.9204775
2018_1345_1348,0.7339171
2018_1345_1355,0.78820515
2018_1345_1361,0.77344584
2018_1345_1371,0.79659617
2018_1345_1372,0.87213445
2018_1345_1382,0.7903451
2018_1345_1393,0.7907694
2018_1345_1395,0.75979984
2018_1345_1397,0.6190292
2018_1345_1400,0.75370914
2018_1345_1401,0.80104524
2018_1345_1403,0.6312243
2018_1345_1411,0.9014721
2018_1345_1417,0.7517302
2018_1345_1420,0.91957635
2018_1345_1422,0.8137262
2018_1345_1437,0.42836645
2018_1345_1438,0.43151924
2018_1345_1439,0.8027662
2018_1345_1452,0.6118298
2018_1345_1455,0.67364126
2018_1345_1460,0.8852158
2018_1345_1462,0.6130193
2018_1347_1348,0.14223959
2018_1347_1355,0.09984231
2018_1347_1361,0.14059879
2018_1347_1371,0.13806656
2018_1347_1372,0.16217229
2018_1347_1382,0.10212141
2018_1347_1393,0.12887761
2018_1347_1395,0.12971117
2018_1347_1397,0.089016296
2018_1347_1400,0.14095454
2018_1347_1401,0.13910753
2018_1347_1403,0.09185049
2018_1347_1411,0.78563404
2018_1347_1417,0.14255255
2018_1347_1420,0.40020308
2018_1347_1422,0.11296021
2018_1347_1437,0.08251727
2018_1347_1438,0.08253757
2018_1347_1439,0.13976566
2018_1347_1452,0.08777225
2018_1347_1455,0.10564629
2018_1347_1460,0.2363458
2018_1347_1462,0.08797167
2018_1348_1355,0.7183095
2018_1348_1361,0.61428356
2018_1348_1371,0.355133
2018_1348_1372,0.8123412
2018_1348_1382,0.7105456
2018_1348_1393,0.6695588
2018_1348_1395,0.32420263
2018_1348_1397,0.27210626
2018_1348_1400,0.47488517
2018_1348_1401,0.36393282
2018_1348_1403,0.2762136
2018_1348_1411,0.8841754
2018_1348_1417,0.5732624
2018_1348_1420,0.86372334
2018_1348_1422,0.7744954
2018_1348_1437,0.23674288
2018_1348_1438,0.23715281
2018_1348_1439,0.4047511
2018_1348_1452,0.27006114
2018_1348_1455,0.2907216
2018_1348_1460,0.8358643
2018_1348_1462,0.2704651
2018_1355_1361,0.24713027
2018_1355_1371,0.2851378
2018_1355_1372,0.84259135
2018_1355_1382,0.44661972
2018_1355_1393,0.31575108
2018_1355_1395,0.28288195
2018_1355_1397,0.24391405
2018_1355_1400,0.31713852
2018_1355_1401,0.2871305
2018_1355_1403,0.25577578
2018_1355_1411,0.9072561
2018_1355_1417,0.24389902
2018_1355_1420,0.91130126
2018_1355_1422,0.7382147
2018_1355_1437,0.17597215
2018_1355_1438,0.17647241
2018_1355_1439,0.29554302
2018_1355_1452,0.2374511
2018_1355_1455,0.2852514
2018_1355_1460,0.880001
2018_1355_1462,0.23860657
2018_1361_1371,0.36845842
2018_1361_1372,0.8522041
2018_1361_1382,0.7485801
2018_1361_1393,0.6442646
2018_1361_1395,0.33329672
2018_1361_1397,0.25198877
2018_1361_1400,0.43615198
2018_1361_1401,0.37770715
2018_1361_1403,0.25832355
2018_1361_1411,0.886071
2018_1361_1417,0.4333844
2018_1361_1420,0.87348104
2018_1361_1422,0.83761734
2018_1361_1437,0.2086098
2018_1361_1438,0.20933713
2018_1361_1439,0.41263357
2018_1361_1452,0.24860197
2018_1361_1455,0.28315222
2018_1361_1460,0.85871005
2018_1361_1462,0.24914786
2018_1371_1372,0.8457726
2018_1371_1382,0.7005936
2018_1371_1393,0.64560235
2018_1371_1395,0.38365453
2018_1371_1397,0.23554714
2018_1371_1400,0.67088187
2018_1371_1401,0.5213479
2018_1371_1403,0.24495605
2018_1371_1411,0.87721604
2018_1371_1417,0.61733556
2018_1371_1420,0.8605131
2018_1371_1422,0.820819
2018_1371_1437,0.1695264
2018_1371_1438,0.17040761
2018_1371_1439,0.6216839
2018_1371_1452,0.23039839
2018_1371_1455,0.2841805
2018_1371_1460,0.8479575
2018_1371_1462,0.23118278
2018_1372_1382,0.15182161
2018_1372_1393,0.1413558
2018_1372_1395,0.13061243
2018_1372_1397,0.13341503
2018_1372_1400,0.20078966
2018_1372_1401,0.16469195
2018_1372_1403,0.13185832
2018_1372_1411,0.9050336
2018_1372_1417,0.18829493
2018_1372_1420,0.7927371
2018_1372_1422,0.297946
2018_1372_1437,0.13165542
2018_1372_1438,0.13153335
2018_1372_1439,0.18916878
2018_1372_1452,0.13399692
2018_1372_1455,0.12493688
2018_1372_1460,0.6527959
2018_1372_1462,0.13389686
2018_1382_1393,0.34739643
2018_1382_1395,0.30106384
2018_1382_1397,0.23092431
2018_1382_1400,0.32943892
2018_1382_1401,0.30279273
2018_1382_1403,0.24153861
2018_1382_1411,0.9019309
2018_1382_1417,0.25542375
2018_1382_1420,0.9115295
2018_1382_1422,0.76489383
2018_1382_1437,0.18377644
2018_1382_1438,0.18427753
2018_1382_1439,0.3122098
2018_1382_1452,0.22573783
2018_1382_1455,0.28029856
2018_1382_1460,0.88540363
2018_1382_1462,0.22662501
2018_1393_1395,0.3190226
2018_1393_1397,0.2452092
2018_1393_1400,0.38395047
2018_1393_1401,0.3587154
2018_1393_1403,0.2504878
2018_1393_1411,0.89277816
2018_1393_1417,0.32678118
2018_1393_1420,0.8871551
2018_1393_1422,0.83182853
2018_1393_1437,0.18358116
2018_1393_1438,0.184493
2018_1393_1439,0.37285465
2018_1393_1452,0.24214618
2018_1393_1455,0.26825136
2018_1393_1460,0.8883008
2018_1393_1462,0.24266706
2018_1395_1397,0.30380237
2018_1395_1400,0.7046026
2018_1395_1401,0.6277818
2018_1395_1403,0.31574953
2018_1395_1411,0.876295
2018_1395_1417,0.6573187
2018_1395_1420,0.8693725
2018_1395_1422,0.8204105
2018_1395_1437,0.20485574
2018_1395_1438,0.20642018
2018_1395_1439,0.6963304
2018_1395_1452,0.29712412
2018_1395_1455,0.3629298
2018_1395_1460,0.87784445
2018_1395_1462,0.29816326
2018_1397_1400,0.7422543
2018_1397_1401,0.7653874
2018_1397_1403,0.5279915
2018_1397_1411,0.88510555
2018_1397_1417,0.7283511
2018_1397_1420,0.91531134
2018_1397_1422,0.8371834
2018_1397_1437,0.33803436
2018_1397_1438,0.34036255
2018_1397_1439,0.7826299
2018_1397_1452,0.49176413
2018_1397_1455,0.5964185
2018_1397_1460,0.90110016
2018_1397_1462,0.49385574
2018_1400_1401,0.31360212
2018_1400_1403,0.23426355
2018_1400_1411,0.88370466
2018_1400_1417,0.5348673
2018_1400_1420,0.8630074
2018_1400_1422,0.76105
2018_1400_1437,0.21081144
2018_1400_1438,0.21083826
2018_1400_1439,0.37234047
2018_1400_1452,0.2304035
2018_1400_1455,0.24355865
2018_1400_1460,0.83348596
2018_1400_1462,0.23069954
2018_1401_1403,0.23092906
2018_1401_1411,0.87864286
2018_1401_1417,0.6072421
2018_1401_1420,0.8591325
2018_1401_1422,0.8161995
2018_1401_1437,0.16529183
2018_1401_1438,0.16603577
2018_1401_1439,0.5984102
2018_1401_1452,0.21799487
2018_1401_1455,0.26661304
2018_1401_1460,0.84292597
2018_1401_1462,0.2186893
2018_1403_1411,0.88378745
2018_1403_1417,0.7237907
2018_1403_1420,0.9131869
2018_1403_1422,0.8353626
2018_1403_1437,0.32559678
2018_1403_1438,0.32778493
2018_1403_1439,0.77808756
2018_1403_1452,0.46870738
2018_1403_1455,0.579396
2018_1403_1460,0.9018008
2018_1403_1462,0.47065872
2018_1411_1417,0.12612142
2018_1411_1420,0.18365069
2018_1411_1422,0.08648112
2018_1411_1437,0.08498318
2018_1411_1438,0.08549797
2018_1411_1439,0.12392374
2018_1411_1452,0.11372643
2018_1411_1455,0.121033095
2018_1411_1460,0.10786389
2018_1411_1462,0.11391704
2018_1417_1420,0.8680659
2018_1417_1422,0.8175073
2018_1417_1437,0.23169829
2018_1417_1438,0.23239368
2018_1417_1439,0.42410144
2018_1417_1452,0.26447868
2018_1417_1455,0.29169437
2018_1417_1460,0.8482454
2018_1417_1462,0.26486903
2018_1420_1422,0.11720218
2018_1420_1437,0.0837886
2018_1420_1438,0.083771504
2018_1420_1439,0.14226145
2018_1420_1452,0.087481484
2018_1420_1455,0.10308085
2018_1420_1460,0.25149396
2018_1420_1462,0.08761967
2018_1422_1437,0.22076349
2018_1422_1438,0.2206571
2018_1422_1439,0.2190686
2018_1422_1452,0.18022841
2018_1422_1455,0.17998187
2018_1422_1460,0.77695495
2018_1422_1462,0.17999208
2018_1437_1438,0.5163384
2018_1437_1439,0.811494
2018_1437_1452,0.65845466
2018_1437_1455,0.7181918
2018_1437_1460,0.88313985
2018_1437_1462,0.65944517
2018_1438_1439,0.81137323
2018_1438_1452,0.6564085
2018_1438_1455,0.71602595
2018_1438_1460,0.8829255
2018_1438_1462,0.6573994
2018_1439_1452,0.19400902
2018_1439_1455,0.22131966
2018_1439_1460,0.83122313
2018_1439_1462,0.19441123
2018_1452_1455,0.6051592
2018_1452_1460,0.90038633
2018_1452_1462,0.50741386
2018_1455_1460,0.9000783
2018_1455_1462,0.40149286
2018_1460_1462,0.10209951
